country,ip,datetime,url
Lithuania,218.236.10.111,2016-11-12 21:04:40,/ante/vel/ipsum/praesent.xml
Czech Republic,201.252.65.94,2017-10-24 23:30:32,/ligula/suspendisse/ornare/consequat/lectus/in/est.js
Paraguay,113.238.51.136,2018-03-01 06:46:04,/aliquam/convallis/nunc/proin/at/turpis.jpg
China,185.119.189.216,2017-09-25 07:07:50,/nisi.jsp
China,138.54.255.196,2017-06-03 14:02:07,/integer/ac/leo/pellentesque.html
China,92.66.54.3,2017-04-13 14:01:42,/a/nibh/in/quis/justo/maecenas/rhoncus.jsp
Kazakhstan,121.93.206.84,2017-10-14 18:52:19,/ut/dolor/morbi/vel/lectus/in.xml
Syria,7.33.63.96,2017-09-02 12:32:05,/ligula.jpg
Philippines,22.57.135.252,2017-07-04 11:01:05,/tortor/duis/mattis/egestas/metus/aenean/fermentum.xml
Philippines,152.7.2.98,2016-11-20 02:05:24,/sed/accumsan/felis/ut.xml
Pakistan,106.179.98.221,2017-05-10 18:57:03,/amet/eleifend/pede/libero.json
France,39.215.179.92,2018-03-08 17:04:20,/pretium/iaculis/justo.jpg
China,88.235.71.181,2018-01-29 04:13:27,/quam/pharetra.xml
Poland,222.77.31.95,2018-04-26 08:28:15,/aenean/fermentum/donec/ut.js
China,238.178.124.10,2018-04-28 16:16:58,/eros/elementum/pellentesque/quisque.png
Colombia,232.43.112.149,2018-04-13 14:11:29,/non/interdum.png
Poland,99.242.58.125,2018-01-05 01:08:35,/pellentesque/ultrices/mattis.jsp
Indonesia,237.66.171.89,2017-01-11 14:18:47,/varius/integer/ac/leo/pellentesque.json
Switzerland,222.72.67.226,2018-05-31 12:36:03,/nisl/duis/ac/nibh/fusce/lacus/purus.aspx
Ukraine,57.142.205.199,2016-12-31 20:13:07,/urna/ut.jpg
China,20.222.134.67,2017-10-16 22:28:46,/vestibulum/sed/magna/at/nunc/commodo/placerat.jsp
China,68.105.219.121,2018-08-04 14:07:25,/ultrices/phasellus/id/sapien/in.xml
Peru,46.19.161.209,2018-10-11 05:38:47,/nam/tristique.aspx
China,96.212.155.183,2017-01-23 21:00:33,/sit/amet/sapien/dignissim/vestibulum/vestibulum/ante.aspx
China,27.10.63.108,2018-08-21 15:07:35,/tristique/est/et.png
China,227.37.112.84,2018-09-06 15:45:30,/odio/consequat/varius.js
Guadeloupe,232.226.248.145,2018-07-03 08:18:57,/elit/ac/nulla/sed.jpg
South Africa,112.232.244.107,2017-11-15 20:58:49,/erat/vestibulum/sed.json
Philippines,105.242.157.101,2018-08-10 05:35:05,/justo/maecenas/rhoncus/aliquam/lacus/morbi.jpg
Honduras,82.204.146.194,2017-07-02 08:55:48,/ligula/sit/amet/eleifend/pede/libero.jsp
China,215.4.0.56,2017-08-31 20:15:22,/libero/nam/dui/proin.aspx
China,248.237.43.233,2017-05-19 18:02:13,/non.xml
Vietnam,225.152.125.190,2017-05-29 18:42:26,/convallis/nulla/neque/libero/convallis/eget/eleifend.aspx
France,155.42.248.209,2018-05-08 01:44:08,/non/mauris/morbi/non.jsp
Philippines,167.221.229.176,2017-12-23 01:56:56,/nulla/mollis/molestie/lorem.html
Mexico,210.152.108.227,2017-11-26 01:29:52,/amet/nulla/quisque.jpg
Indonesia,94.109.70.133,2018-02-04 23:44:41,/nunc/proin/at/turpis/a/pede/posuere.jpg
China,223.5.32.213,2017-03-02 20:18:54,/facilisi/cras.js
Sweden,46.31.119.2,2017-01-23 06:19:14,/et/magnis/dis/parturient/montes.js
Indonesia,149.237.175.210,2017-02-22 03:55:08,/ipsum/primis/in/faucibus/orci.aspx
France,162.3.9.189,2018-07-25 18:52:12,/interdum.html
Brazil,142.177.253.255,2016-12-05 00:54:13,/consequat.html
Indonesia,201.188.194.164,2018-02-04 09:18:30,/vestibulum/velit/id/pretium/iaculis/diam/erat.jsp
China,87.159.129.58,2016-11-09 07:54:35,/curabitur/at/ipsum/ac/tellus/semper.html
Russia,225.193.23.235,2017-02-18 10:49:46,/posuere/felis/sed/lacus/morbi/sem.js
Senegal,179.95.140.197,2017-07-08 07:15:55,/massa/id/nisl/venenatis/lacinia/aenean/sit.jpg
Poland,168.199.215.27,2018-10-09 15:33:17,/in/sagittis/dui/vel.jpg
China,88.80.245.87,2018-05-07 22:08:15,/duis/aliquam/convallis.xml
France,197.197.61.93,2018-09-20 06:27:46,/proin/at/turpis/a.aspx
France,45.29.210.80,2018-01-07 07:01:01,/turpis/nec/euismod/scelerisque.png
Indonesia,24.108.194.217,2016-12-07 11:28:31,/volutpat/convallis.xml
Portugal,168.110.57.61,2018-05-17 02:21:03,/sociis/natoque.jsp
Peru,85.229.105.133,2017-05-27 16:07:38,/felis/ut/at.js
France,54.245.70.221,2018-10-03 02:35:04,/ornare.aspx
Bosnia and Herzegovina,223.154.15.180,2018-01-16 08:03:57,/vestibulum/velit/id/pretium/iaculis.png
Croatia,139.156.242.82,2017-07-31 01:43:57,/convallis/duis/consequat/dui.json
Macedonia,144.118.131.114,2018-02-15 09:13:31,/nisl/aenean/lectus/pellentesque.aspx
France,68.220.72.25,2016-12-20 22:51:51,/varius/ut/blandit/non/interdum/in.xml
Indonesia,215.59.205.246,2017-07-12 22:11:18,/enim/leo/rhoncus/sed.aspx
Mongolia,250.141.14.92,2018-10-05 19:40:22,/sit/amet/eros/suspendisse/accumsan.js
Cyprus,115.26.202.114,2017-01-15 08:26:18,/varius/integer/ac/leo/pellentesque/ultrices.js
Netherlands,150.30.52.185,2016-12-26 08:31:05,/non/lectus/aliquam/sit.jpg
Peru,71.8.182.192,2018-04-07 19:16:35,/nullam/orci/pede/venenatis/non/sodales.js
Brazil,85.124.22.74,2017-06-24 04:07:07,/tristique/in/tempus/sit/amet.jpg
Japan,86.143.248.49,2018-01-26 18:00:25,/faucibus.json
China,154.29.86.223,2016-12-16 20:31:00,/donec/dapibus/duis/at/velit/eu/est.js
Indonesia,104.60.197.131,2017-07-14 06:46:01,/neque/duis/bibendum.png
Jordan,214.131.170.254,2017-05-26 11:00:04,/ante/ipsum/primis/in.xml
Poland,135.106.12.32,2018-05-22 06:58:24,/rutrum/nulla.json
Greece,18.231.8.240,2018-10-25 14:55:32,/turpis/enim.json
United States,24.230.54.125,2018-01-03 18:29:28,/at.aspx
Thailand,138.29.183.209,2018-06-08 09:21:30,/risus/dapibus.xml
China,124.133.240.60,2018-10-11 23:51:49,/at.aspx
China,226.224.204.224,2016-12-08 23:07:17,/amet.html
China,120.65.191.25,2017-09-02 14:29:52,/congue/diam/id/ornare.html
Indonesia,182.85.194.138,2018-04-25 23:24:04,/lectus/suspendisse/potenti/in/eleifend.xml
Mexico,115.180.119.176,2017-11-22 02:46:23,/nam/dui/proin.json
Marshall Islands,149.239.228.129,2018-05-04 14:26:54,/praesent/lectus.json
Argentina,80.158.14.230,2018-03-28 17:20:43,/pellentesque/ultrices.json
China,52.28.209.58,2017-06-23 22:46:58,/quam/turpis/adipiscing/lorem/vitae/mattis.html
Syria,133.250.251.84,2018-04-12 07:49:29,/pellentesque/ultrices/mattis/odio.js
Jordan,217.72.179.151,2016-12-02 02:14:32,/venenatis/turpis.png
Russia,197.30.95.32,2018-06-24 07:52:09,/iaculis.json
Colombia,84.111.43.148,2017-12-07 08:12:31,/at/velit/eu.js
Yemen,107.19.158.245,2016-11-18 08:56:50,/libero/non.aspx
Liechtenstein,189.69.150.79,2017-11-30 00:10:01,/dui/vel.xml
Thailand,142.69.213.59,2018-04-24 15:35:33,/ut.png
Ukraine,92.20.246.152,2018-09-05 17:10:56,/eget.js
Malaysia,117.1.133.63,2017-01-06 14:43:13,/pretium/quis/lectus/suspendisse.xml
Venezuela,53.21.16.185,2017-07-04 23:01:54,/ut/ultrices/vel/augue/vestibulum.jpg
South Africa,168.118.168.165,2018-02-21 21:20:13,/faucibus/orci/luctus/et/ultrices.jpg
Canada,235.118.32.41,2018-06-20 14:46:25,/posuere/nonummy/integer/non.json
Philippines,127.135.95.116,2017-11-13 22:02:26,/nibh/in/quis/justo.jpg
Albania,242.173.236.170,2018-02-20 13:24:23,/sed/sagittis/nam.html
Sweden,141.63.174.63,2018-10-20 02:34:17,/morbi/vestibulum/velit.js
Sweden,99.212.230.231,2018-10-19 01:59:11,/eget/congue/eget/semper/rutrum.xml
Philippines,80.110.207.75,2017-03-16 08:12:46,/congue/elementum/in/hac/habitasse.aspx
Russia,39.33.71.247,2018-09-01 15:13:23,/ac/leo/pellentesque/ultrices/mattis/odio/donec.html
China,210.80.159.248,2016-12-02 05:12:46,/morbi/quis/tortor.png
Argentina,72.31.149.106,2017-03-08 01:49:52,/justo/in/hac/habitasse/platea/dictumst.json
United States,250.217.87.76,2017-11-26 00:25:55,/risus/praesent/lectus/vestibulum.xml
China,89.190.190.114,2018-09-09 09:33:51,/eu/mi.jsp
China,110.130.171.92,2017-05-30 03:32:30,/ac/nulla/sed/vel.jsp
Russia,149.91.207.156,2016-11-25 15:11:29,/dui/nec/nisi.html
Nigeria,92.91.200.73,2017-04-21 14:46:32,/massa/volutpat/convallis/morbi/odio/odio/elementum.js
Gambia,26.165.7.201,2018-10-10 12:26:47,/justo.jsp
China,234.25.134.233,2018-04-13 09:55:12,/id/luctus/nec/molestie/sed/justo.jsp
China,153.204.196.244,2017-11-07 00:29:05,/id/ornare/imperdiet/sapien/urna/pretium.jpg
Croatia,42.186.126.225,2018-04-15 01:11:54,/integer/non/velit/donec/diam.jsp
Russia,69.181.39.203,2017-04-20 01:59:38,/risus/dapibus/augue/vel/accumsan/tellus/nisi.html
Philippines,116.209.181.185,2016-12-23 07:37:59,/erat/quisque/erat/eros/viverra/eget.png
Georgia,212.32.165.153,2018-05-23 00:09:05,/non/velit.jpg
China,90.60.209.217,2016-12-07 05:23:08,/faucibus/orci/luctus/et.jsp
Ukraine,30.49.34.237,2018-02-04 17:53:50,/non/mi.js
Slovenia,142.108.39.165,2017-09-13 17:05:59,/elementum.png
Sweden,246.144.190.67,2017-12-25 01:35:21,/non/velit/donec/diam.html
Indonesia,44.221.76.127,2016-12-29 01:16:06,/ipsum/dolor.js
Philippines,197.141.240.4,2017-11-08 04:02:27,/arcu/sed/augue/aliquam/erat/volutpat/in.png
Uruguay,81.62.42.48,2017-02-08 22:32:37,/ante/ipsum/primis/in/faucibus/orci.xml
Uganda,53.11.103.88,2018-03-28 16:04:37,/aliquet/massa/id/lobortis.html
France,211.67.126.115,2018-05-24 18:40:55,/integer/a/nibh/in/quis/justo.jpg
China,50.219.142.99,2017-04-04 10:22:43,/scelerisque/mauris/sit.json
China,180.119.95.143,2017-03-25 11:15:44,/donec/dapibus/duis.png
Canada,249.242.216.161,2018-05-12 22:03:52,/curabitur/at/ipsum/ac/tellus/semper/interdum.jsp
Brazil,147.45.158.140,2018-04-20 01:17:37,/accumsan.html
Netherlands,224.102.104.196,2018-05-23 02:48:53,/sed/accumsan/felis/ut/at.json
Thailand,213.236.82.72,2018-09-11 06:57:26,/urna.jsp
Russia,89.75.57.12,2017-10-19 18:44:30,/eu/nibh/quisque/id.png
Peru,183.89.225.71,2017-09-03 01:50:23,/luctus/tincidunt.json
Brazil,230.38.21.3,2017-06-01 09:33:37,/volutpat/in/congue/etiam/justo.html
Czech Republic,7.103.219.47,2017-01-03 11:42:47,/amet/diam/in/magna.jsp
Poland,94.109.160.112,2016-12-30 20:35:12,/volutpat/sapien.png
Syria,64.225.165.154,2017-10-01 02:35:02,/porttitor/id/consequat/in.js
Indonesia,118.227.9.228,2018-08-10 13:38:44,/elementum/ligula/vehicula/consequat/morbi/a/ipsum.jpg
Russia,73.184.140.18,2018-05-20 07:19:31,/ante/ipsum/primis/in/faucibus.json
Saudi Arabia,58.174.231.101,2018-08-01 02:11:07,/quis.html
Indonesia,232.202.102.237,2017-06-14 11:24:58,/id/turpis/integer.js
Ukraine,74.33.92.253,2017-07-01 19:34:44,/sapien/in/sapien.html
Indonesia,29.240.45.149,2016-12-06 21:25:37,/sapien/in.png
China,103.44.61.218,2017-10-30 05:13:09,/semper/rutrum/nulla/nunc/purus.html
Indonesia,106.188.120.167,2018-08-14 13:29:57,/auctor.jsp
Brazil,32.40.128.173,2017-06-24 07:49:13,/ut/erat/curabitur/gravida/nisi.xml
Jordan,71.136.240.201,2018-08-23 05:19:05,/vehicula/condimentum/curabitur/in/libero.xml
Thailand,150.106.238.192,2018-03-28 22:49:39,/vel/sem/sed/sagittis/nam.jpg
China,17.237.11.191,2017-11-19 20:13:50,/risus/auctor/sed.png
Indonesia,151.95.215.105,2016-12-18 14:19:11,/nec/molestie/sed/justo/pellentesque/viverra.jsp
Sweden,132.105.200.127,2018-07-06 10:33:44,/ut/erat/id/mauris/vulputate/elementum.html
Brazil,39.230.41.18,2018-04-16 23:36:27,/at/nunc/commodo.jpg
Russia,168.219.91.116,2017-08-16 01:00:18,/nisi/nam.xml
Thailand,222.68.151.76,2017-11-15 01:02:11,/sagittis.jsp
Afghanistan,138.44.226.128,2017-03-15 19:42:51,/sapien/placerat.jpg
Yemen,82.140.22.127,2017-09-22 17:40:32,/nunc/rhoncus/dui/vel/sem/sed/sagittis.jpg
Portugal,98.149.47.230,2017-03-29 06:50:09,/bibendum.xml
Portugal,254.44.149.49,2017-10-21 09:43:00,/ante/vivamus/tortor/duis/mattis.aspx
Indonesia,77.166.139.121,2017-06-05 08:29:53,/cras.js
Latvia,111.110.150.236,2018-04-23 01:58:39,/diam/in/magna/bibendum.jpg
Canada,98.125.44.33,2016-12-01 04:54:04,/libero/quis/orci/nullam.png
Morocco,48.122.135.63,2018-09-03 15:01:20,/non/velit/nec/nisi/vulputate/nonummy.json
Sweden,182.60.201.91,2018-01-17 05:38:24,/suscipit/nulla/elit/ac/nulla.jsp
China,48.141.50.90,2016-11-04 18:05:45,/vel/est/donec/odio/justo/sollicitudin.js
Indonesia,244.202.109.180,2017-09-08 21:58:14,/pede.jsp
Russia,136.12.118.165,2018-03-05 14:00:03,/adipiscing/lorem/vitae/mattis/nibh/ligula.png
Portugal,114.226.135.148,2018-07-07 01:52:39,/lorem/id/ligula/suspendisse/ornare/consequat/lectus.jpg
Russia,196.73.216.220,2018-03-04 00:34:29,/id/justo/sit/amet/sapien/dignissim/vestibulum.js
Afghanistan,25.26.19.237,2017-02-20 15:30:42,/platea/dictumst/maecenas/ut/massa/quis.aspx
Japan,95.115.229.58,2018-05-15 14:53:20,/faucibus/orci/luctus/et/ultrices/posuere.png
Nigeria,59.239.181.57,2018-09-23 18:00:07,/adipiscing.json
Poland,217.246.218.9,2017-02-08 11:04:36,/ac/tellus/semper/interdum/mauris.html
Thailand,213.102.91.242,2018-04-28 17:09:00,/pellentesque/quisque/porta/volutpat/erat.json
Japan,202.138.196.13,2017-02-28 22:27:38,/libero/nullam/sit/amet/turpis/elementum/ligula.jsp
Indonesia,49.7.201.41,2017-07-07 23:28:34,/donec/ut/dolor/morbi/vel.jsp
Japan,132.62.70.68,2017-06-27 02:21:07,/consequat/varius.jsp
China,3.204.134.26,2017-01-31 01:10:25,/vestibulum/sed/magna.png
France,126.6.161.232,2016-12-11 02:18:44,/felis/eu/sapien/cursus/vestibulum.json
China,4.21.93.123,2017-10-02 01:35:28,/et.png
Pakistan,166.23.181.26,2018-01-10 16:50:08,/eget.json
Norway,238.215.236.134,2017-01-29 13:31:30,/elementum/in/hac/habitasse/platea.jpg
Portugal,105.204.161.24,2016-12-31 09:19:30,/tristique/tortor/eu/pede.aspx
Iran,121.191.190.167,2017-02-01 07:02:52,/morbi/porttitor/lorem.jpg
Colombia,234.38.92.11,2017-02-05 08:02:40,/proin/eu/mi/nulla/ac.jpg
Indonesia,197.149.188.121,2016-12-14 14:25:17,/integer/pede/justo.png
Botswana,196.130.70.187,2017-12-27 04:40:54,/non/velit/nec.html
Guatemala,231.12.52.252,2016-11-15 20:32:36,/risus/dapibus/augue.aspx
Croatia,15.165.50.43,2017-12-09 19:08:11,/sapien/arcu/sed/augue/aliquam.jsp
Indonesia,208.220.217.217,2018-08-23 13:34:07,/nibh/quisque/id/justo/sit.aspx
Papua New Guinea,201.55.135.243,2017-12-02 06:27:52,/vestibulum.png
Philippines,68.99.6.76,2018-05-10 03:41:48,/leo/odio/porttitor/id.png
Ukraine,115.127.106.166,2017-03-12 11:05:53,/posuere/cubilia/curae/nulla/dapibus/dolor.jpg
Philippines,48.253.188.194,2017-03-20 19:46:47,/amet/turpis.xml
Albania,204.9.235.103,2017-12-26 09:13:11,/viverra/eget/congue/eget.html
Cameroon,68.31.179.115,2017-10-27 10:15:04,/nulla/dapibus/dolor/vel.json
Russia,156.26.110.248,2017-05-31 12:21:29,/non/interdum/in/ante/vestibulum/ante/ipsum.json
Indonesia,29.98.194.11,2018-05-21 07:24:39,/mi/in/porttitor/pede/justo/eu/massa.json
Russia,70.134.133.54,2018-02-17 22:50:51,/quis/orci/eget.png
Albania,95.147.70.4,2016-11-30 17:00:51,/metus/arcu/adipiscing/molestie.xml
China,228.252.178.1,2016-11-27 10:11:01,/maecenas/pulvinar/lobortis.jpg
China,119.193.24.233,2018-09-25 07:36:31,/luctus/ultricies/eu.json
Brazil,21.39.60.124,2017-06-22 13:52:12,/varius/ut/blandit/non/interdum/in/ante.aspx
Japan,160.117.113.235,2017-05-23 02:08:13,/tortor/eu/pede.js
Philippines,95.9.246.63,2017-08-14 08:50:11,/cubilia/curae/mauris/viverra/diam/vitae/quam.xml
Kuwait,105.226.191.24,2017-01-30 09:07:07,/nisl/nunc.png
Russia,245.215.195.82,2018-03-09 16:02:58,/nulla.jsp
Brazil,52.173.206.207,2018-03-22 09:48:59,/lorem/vitae/mattis/nibh/ligula.html
Indonesia,137.114.86.48,2016-11-14 09:17:02,/viverra/eget/congue/eget/semper/rutrum/nulla.jpg
China,94.239.237.132,2017-10-10 17:33:45,/in/hac/habitasse/platea/dictumst/aliquam.json
China,4.91.166.67,2017-03-18 03:06:32,/massa/id.json
Nigeria,174.50.13.29,2018-01-24 23:59:26,/morbi/sem/mauris/laoreet.json
Philippines,249.67.101.73,2016-12-03 03:07:09,/aenean/lectus/pellentesque/eget.aspx
United States,190.182.27.204,2018-03-05 20:18:03,/turpis/eget.json
Canada,192.162.133.190,2017-11-14 14:17:09,/integer/aliquet.xml
China,6.178.202.206,2018-09-26 23:46:50,/rutrum/nulla/nunc/purus/phasellus/in.json
Australia,90.222.255.151,2018-09-28 15:33:43,/duis/aliquam/convallis/nunc.js
Russia,0.15.114.24,2017-08-14 16:04:07,/ut/massa/quis/augue.js
Indonesia,175.137.77.216,2018-01-30 15:19:46,/vitae/mattis/nibh/ligula/nec.jsp
Brazil,36.197.71.134,2018-09-14 06:42:18,/augue.jsp
United States,203.105.68.77,2018-08-24 00:27:19,/consequat/varius.jpg
China,139.185.31.155,2017-09-07 00:03:31,/libero/quis/orci/nullam.json
China,64.90.94.227,2018-01-07 19:40:21,/molestie/lorem/quisque/ut/erat/curabitur.jpg
Philippines,110.223.116.89,2017-07-06 17:06:18,/morbi/vestibulum/velit/id/pretium/iaculis/diam.js
Indonesia,176.31.144.47,2017-04-30 16:09:43,/turpis/eget/elit/sodales/scelerisque/mauris.js
Indonesia,40.135.252.194,2016-12-11 07:58:55,/nibh/fusce/lacus.json
China,62.97.89.22,2018-06-24 18:23:49,/purus/aliquet/at/feugiat/non/pretium.js
Indonesia,227.167.41.235,2016-12-07 21:38:09,/at/velit.js
Poland,173.57.44.122,2018-02-25 15:38:55,/ut/erat/curabitur.aspx
Czech Republic,150.13.28.99,2018-06-28 11:26:12,/lobortis/sapien/sapien/non/mi/integer.html
Russia,111.74.211.198,2017-10-13 16:14:38,/justo/lacinia/eget.png
Cuba,191.63.186.60,2017-05-29 04:53:19,/at/diam/nam/tristique.jsp
Micronesia,190.41.243.6,2017-02-21 11:17:38,/ut/suscipit/a/feugiat.json
Peru,201.12.118.251,2017-10-28 06:01:36,/dolor/sit/amet/consectetuer/adipiscing/elit.png
Pakistan,64.182.103.116,2017-05-25 08:17:50,/scelerisque/mauris/sit/amet/eros.json
Bulgaria,167.41.127.241,2017-01-08 09:52:48,/donec/dapibus/duis/at/velit.json
Portugal,133.233.225.116,2017-03-02 06:22:52,/in/blandit/ultrices/enim.js
Philippines,11.95.103.250,2017-10-13 23:56:03,/commodo/vulputate/justo.png
Czech Republic,169.150.227.214,2017-04-24 14:02:06,/dolor/morbi/vel/lectus/in/quam/fringilla.jpg
Sri Lanka,6.185.74.2,2018-01-04 02:50:28,/non.jsp
Russia,185.119.36.212,2018-01-15 05:27:45,/eu/magna.html
Ukraine,77.195.168.251,2017-10-15 07:33:39,/quis/turpis.aspx
Canada,159.42.173.222,2017-03-27 21:21:54,/potenti/cras/in/purus.aspx
Sweden,58.198.221.45,2018-10-20 13:53:33,/amet/turpis/elementum/ligula.json
Russia,176.56.55.127,2018-02-18 18:31:14,/elementum.js
Brazil,190.243.192.175,2017-01-12 10:32:01,/neque/vestibulum/eget/vulputate.png
China,91.241.56.14,2016-12-16 06:55:07,/elementum/in/hac/habitasse/platea/dictumst.jsp
Honduras,137.175.80.168,2018-09-18 02:20:59,/mattis/nibh.json
Ukraine,233.132.245.212,2017-10-05 19:27:59,/luctus/et/ultrices/posuere/cubilia/curae.jpg
China,80.163.50.245,2017-01-30 08:22:57,/leo/pellentesque/ultrices/mattis/odio/donec.json
Tanzania,47.172.123.183,2018-02-05 20:42:31,/vehicula/consequat/morbi/a/ipsum/integer.json
Indonesia,222.48.82.126,2018-01-17 06:10:54,/vel/nisl/duis/ac.json
Uruguay,240.24.57.105,2016-12-01 13:20:01,/morbi/a.html
China,255.6.3.110,2018-01-26 13:41:11,/justo.png
Poland,158.116.53.218,2018-07-29 11:07:14,/lacus/purus/aliquet/at/feugiat/non/pretium.jsp
Mexico,166.195.17.248,2017-10-01 02:13:43,/etiam/justo.png
China,31.169.21.55,2017-04-28 21:46:15,/urna/pretium/nisl.png
Venezuela,202.30.196.22,2018-03-07 06:58:31,/libero/convallis/eget/eleifend/luctus.png
China,142.231.151.15,2018-01-06 23:38:35,/consectetuer/adipiscing/elit/proin/risus/praesent/lectus.js
Portugal,181.232.182.5,2016-12-20 00:46:36,/nulla/nisl/nunc/nisl/duis/bibendum/felis.jsp
Russia,230.68.144.79,2018-06-06 16:40:16,/ut/tellus/nulla/ut.jpg
Sweden,67.119.239.21,2017-10-23 04:50:24,/orci/luctus/et/ultrices.aspx
Indonesia,150.174.24.176,2017-05-11 20:25:25,/quisque/arcu/libero/rutrum/ac/lobortis/vel.xml
Albania,9.176.98.209,2018-09-04 23:12:13,/in/faucibus/orci/luctus.jsp
China,227.211.207.210,2017-09-18 06:50:36,/ut/ultrices.html
Madagascar,96.108.60.179,2017-08-23 14:47:59,/magna.html
Japan,94.122.12.136,2016-12-04 17:42:14,/quis/justo/maecenas/rhoncus/aliquam/lacus.jpg
Japan,177.56.120.147,2017-12-13 22:33:00,/ut/nunc.html
Poland,66.6.0.174,2017-02-13 00:51:04,/eu/magna.jsp
Afghanistan,203.89.13.254,2018-10-03 02:21:57,/adipiscing/molestie/hendrerit/at/vulputate/vitae.png
Italy,192.110.140.13,2018-10-07 23:31:50,/non/velit/donec.jsp
Uganda,196.34.239.41,2017-10-19 00:49:45,/lectus/suspendisse/potenti/in/eleifend.jsp
Macedonia,0.182.115.209,2017-05-06 18:26:07,/primis/in/faucibus/orci.html
United Kingdom,8.42.254.225,2017-11-02 20:09:53,/lobortis/sapien/sapien/non.xml
Philippines,88.230.0.87,2016-12-29 01:39:34,/sit/amet/turpis.html
Indonesia,198.61.239.153,2017-11-28 14:49:13,/nulla/sed/vel/enim/sit/amet/nunc.aspx
Ukraine,174.7.183.63,2017-12-15 01:34:39,/iaculis.jpg
Guam,19.91.31.114,2017-12-02 19:50:01,/a/pede/posuere/nonummy/integer/non.json
Portugal,248.90.254.244,2016-12-19 18:10:33,/consequat/metus.js
Bangladesh,43.118.36.117,2018-05-09 04:05:39,/fusce.jpg
Russia,94.183.234.188,2017-11-26 23:18:10,/amet/diam/in.js
China,198.226.197.186,2017-02-16 08:46:06,/tincidunt/eget/tempus/vel/pede.html
Indonesia,242.34.21.170,2017-03-28 13:23:22,/ante/ipsum/primis/in/faucibus.png
Poland,96.7.188.222,2017-02-02 17:14:13,/erat/curabitur/gravida.aspx
Philippines,96.230.255.162,2018-06-28 20:17:27,/id.jsp
Indonesia,137.1.70.210,2018-05-20 04:04:52,/faucibus/accumsan/odio.xml
South Africa,241.23.248.122,2017-06-13 00:23:45,/tincidunt.jpg
Indonesia,234.135.221.146,2018-04-24 18:38:11,/a/suscipit/nulla/elit/ac.jsp
China,73.1.20.112,2017-09-12 12:18:36,/sapien/dignissim/vestibulum/vestibulum/ante/ipsum/primis.jsp
Portugal,189.237.128.74,2018-10-06 03:13:18,/fusce/consequat/nulla/nisl/nunc.xml
Canada,147.197.73.11,2017-12-26 18:55:43,/praesent/lectus/vestibulum.aspx
Russia,70.46.70.130,2017-01-24 20:48:02,/eget.jpg
Japan,20.235.173.200,2017-06-25 23:28:28,/leo/pellentesque/ultrices/mattis.aspx
China,199.159.248.65,2018-07-09 10:39:45,/mus/vivamus/vestibulum/sagittis/sapien/cum/sociis.aspx
Portugal,102.217.7.169,2018-03-25 01:24:37,/sit/amet/consectetuer/adipiscing.json
Mexico,185.215.80.117,2017-12-11 03:15:16,/dolor/morbi/vel/lectus.json
United States,69.33.220.75,2018-01-13 20:53:51,/semper.json
Macedonia,97.225.251.255,2017-08-09 22:58:06,/ac/tellus/semper/interdum.html
Bulgaria,190.230.139.71,2018-06-09 13:21:02,/ut/blandit/non/interdum/in.jpg
South Africa,140.9.27.77,2017-07-20 23:17:19,/rhoncus/sed/vestibulum/sit.html
China,229.253.200.174,2017-12-20 21:12:22,/justo/eu/massa/donec/dapibus/duis.jsp
China,27.30.100.222,2018-04-29 16:33:22,/vestibulum/rutrum/rutrum/neque.json
China,3.204.192.209,2017-08-22 11:14:51,/augue/vestibulum/ante/ipsum/primis/in.json
Norway,73.211.185.106,2017-09-19 17:19:24,/donec/vitae/nisi/nam/ultrices.jsp
United States,128.200.72.61,2017-01-12 21:17:54,/sit/amet/sapien/dignissim.xml
United States,39.170.211.181,2018-10-29 02:04:13,/pellentesque/viverra/pede/ac/diam/cras/pellentesque.html
China,129.141.183.6,2017-05-16 08:14:36,/pellentesque/viverra/pede/ac/diam/cras/pellentesque.js
China,42.139.176.82,2018-05-25 20:43:50,/nulla/ultrices/aliquet.png
Brazil,253.216.9.48,2017-11-21 06:11:21,/arcu/libero.html
Egypt,132.39.220.201,2018-03-18 11:04:06,/ut/ultrices/vel/augue/vestibulum.jpg
Indonesia,80.26.167.156,2017-06-26 04:32:06,/neque/sapien/placerat/ante/nulla.jsp
Peru,108.93.29.168,2017-12-24 19:17:21,/enim/blandit.jpg
Spain,97.208.85.171,2017-09-23 05:32:22,/curabitur/in/libero/ut/massa/volutpat/convallis.jsp
Indonesia,191.253.27.224,2017-01-18 10:37:28,/metus/vitae/ipsum/aliquam.png
Mexico,197.224.61.163,2017-01-24 06:38:56,/condimentum/neque/sapien/placerat.xml
United States,49.213.28.91,2017-07-05 00:48:03,/donec/quis/orci/eget/orci/vehicula.json
Portugal,115.216.5.202,2017-05-03 07:39:55,/enim/in/tempor/turpis/nec/euismod.aspx
Thailand,113.197.251.177,2017-03-05 01:01:07,/hac/habitasse/platea/dictumst/morbi/vestibulum/velit.jsp
France,2.197.119.153,2017-12-25 10:07:14,/odio/consequat/varius/integer.jpg
Poland,193.142.58.198,2018-02-16 18:41:25,/turpis/sed/ante.xml
Poland,204.182.156.18,2017-10-10 20:52:10,/cras/non/velit/nec/nisi/vulputate/nonummy.jpg
Sierra Leone,247.52.48.168,2017-01-07 23:16:00,/non/mattis/pulvinar.aspx
Japan,66.199.202.247,2017-08-23 03:25:48,/montes/nascetur/ridiculus.png
Indonesia,100.26.120.209,2017-11-18 15:08:46,/id/consequat/in/consequat.aspx
United States,235.116.113.110,2018-05-03 13:21:34,/eget/orci/vehicula.xml
Israel,152.56.211.230,2017-08-24 14:25:42,/semper/rutrum.js
China,102.174.140.126,2016-11-30 13:49:41,/est/donec/odio/justo/sollicitudin/ut.png
Honduras,161.175.77.112,2017-11-15 15:50:53,/pede/morbi/porttitor/lorem.js
Sweden,128.160.102.116,2018-03-03 16:28:20,/eget/semper.json
Japan,5.186.90.172,2018-05-13 23:28:30,/nisi/eu/orci.json
Portugal,170.88.83.63,2018-07-29 10:35:08,/consequat/lectus/in/est.json
Russia,87.207.113.39,2017-06-02 03:32:44,/tincidunt/ante/vel.js
China,166.48.150.187,2017-10-22 01:06:36,/morbi.xml
Indonesia,109.222.119.163,2017-07-11 13:52:39,/convallis/nulla/neque.xml
Netherlands,78.245.170.89,2016-11-09 23:33:30,/morbi.aspx
Indonesia,240.202.87.178,2018-09-19 21:15:50,/vulputate.png
Finland,200.65.55.231,2018-04-10 20:27:45,/amet/erat/nulla.png
China,162.158.246.42,2017-05-30 21:30:41,/quis/orci/eget.jsp
China,139.192.235.249,2018-03-20 11:33:09,/quam/a/odio/in/hac.json
Philippines,77.156.84.252,2017-12-31 11:52:49,/maecenas/tincidunt/lacus.png
Sweden,123.204.3.65,2018-01-16 23:43:14,/lobortis/ligula/sit/amet/eleifend/pede.aspx
Argentina,207.79.185.225,2018-10-25 03:30:43,/ut/blandit.aspx
Nigeria,176.53.161.47,2017-05-04 15:54:58,/lorem.png
Spain,146.216.137.207,2018-06-19 23:42:24,/et/magnis/dis/parturient/montes.json
Norway,8.74.33.152,2017-06-30 21:55:24,/quis/odio/consequat/varius/integer.png
Brazil,113.179.105.80,2017-03-08 19:29:41,/erat/vestibulum/sed/magna/at/nunc/commodo.json
Indonesia,117.221.250.195,2017-10-07 16:59:53,/potenti/in/eleifend.html
Albania,77.65.189.29,2017-07-01 11:14:59,/lacus/morbi/sem.jsp
China,194.72.114.93,2018-09-14 02:36:51,/est/donec/odio/justo/sollicitudin/ut.html
Indonesia,22.70.149.140,2017-11-01 12:20:55,/natoque/penatibus/et/magnis/dis/parturient/montes.html
China,107.208.59.95,2017-10-31 08:21:17,/ante/vel/ipsum/praesent.jsp
Greenland,65.83.197.13,2017-06-11 02:58:55,/odio/curabitur/convallis/duis.html
Afghanistan,114.83.255.233,2017-06-11 20:08:29,/nunc/purus/phasellus/in.xml
Croatia,101.99.204.70,2017-02-17 13:34:54,/purus/eu/magna/vulputate/luctus/cum/sociis.js
Armenia,212.151.160.247,2017-11-25 16:11:29,/nulla/tellus/in.json
Russia,167.66.150.230,2018-07-25 10:03:15,/id/consequat/in/consequat.html
United Kingdom,12.247.242.79,2017-01-08 23:02:59,/porta/volutpat/erat.json
Saudi Arabia,123.32.178.42,2017-08-03 10:46:38,/et/eros/vestibulum/ac/est/lacinia/nisi.png
Philippines,248.79.217.104,2017-05-03 09:22:44,/tincidunt/ante/vel.html
Philippines,105.18.168.104,2017-06-10 16:36:31,/felis/eu/sapien/cursus/vestibulum/proin/eu.json
Pakistan,78.124.33.240,2018-07-08 01:52:49,/molestie/nibh/in/lectus.jpg
Poland,17.135.2.214,2018-07-21 20:02:26,/proin/leo/odio/porttitor/id/consequat.jsp
Belarus,24.159.54.233,2017-06-17 06:00:16,/nibh/in/hac/habitasse/platea/dictumst/aliquam.js
Jamaica,216.247.124.198,2018-05-28 05:59:16,/at/nulla/suspendisse/potenti/cras/in.json
Russia,157.80.50.136,2018-09-18 16:47:59,/in/hac/habitasse/platea/dictumst/morbi.jpg
China,124.42.137.79,2017-11-19 07:17:01,/congue.xml
Russia,154.101.222.1,2018-09-08 20:11:33,/vivamus/vel/nulla.aspx
Indonesia,172.17.23.165,2018-02-05 15:00:16,/risus/semper/porta.jpg
China,227.165.3.95,2018-07-29 09:35:04,/mattis/egestas/metus.json
Afghanistan,143.136.131.254,2017-01-22 11:23:20,/aliquam/non/mauris/morbi/non/lectus.html
China,121.117.140.23,2018-10-20 02:28:52,/quam/nec/dui/luctus.jsp
Portugal,3.27.135.244,2017-11-05 05:57:31,/felis.html
Ukraine,217.179.18.34,2018-04-22 23:03:31,/etiam/pretium.aspx
Poland,77.177.88.252,2017-02-09 13:14:43,/magna/vestibulum/aliquet/ultrices/erat.json
Uganda,253.207.187.183,2018-04-06 06:43:42,/ultrices/posuere/cubilia/curae/nulla.png
Russia,136.164.162.92,2017-08-12 13:04:21,/sapien/cum/sociis.jsp
Sweden,228.254.185.243,2017-09-09 11:15:16,/odio/donec/vitae/nisi.xml
Russia,211.254.14.102,2018-03-17 17:24:04,/lectus/in/quam/fringilla.png
Russia,58.67.38.78,2017-01-22 13:51:59,/ac/enim.json
China,65.186.137.145,2018-06-26 20:55:23,/odio.jpg
South Africa,132.7.253.188,2016-11-16 12:42:56,/sed/magna/at/nunc/commodo/placerat.aspx
Sweden,243.25.120.210,2016-11-13 20:15:57,/eleifend/quam/a/odio.aspx
Guam,236.24.149.10,2018-05-07 15:59:25,/sed/justo.xml
Haiti,37.8.126.100,2016-12-20 18:33:25,/leo/odio/condimentum/id/luctus.png
Indonesia,1.183.225.128,2016-10-30 15:36:39,/quam.aspx
China,166.171.120.179,2017-06-05 20:57:52,/imperdiet/et.aspx
China,145.56.11.235,2017-08-27 18:58:36,/augue/vestibulum/ante/ipsum/primis.png
Colombia,71.91.174.150,2018-07-09 22:08:00,/quis/odio/consequat/varius/integer.png
China,96.165.8.103,2018-06-17 09:24:25,/vestibulum/ante.jpg
Philippines,199.63.6.250,2017-08-02 16:00:46,/vitae.xml
South Africa,179.225.159.55,2017-03-11 23:10:08,/nunc/donec/quis.png
Malaysia,204.125.47.169,2017-10-21 15:37:03,/arcu/libero/rutrum/ac/lobortis/vel/dapibus.jsp
Madagascar,70.241.165.217,2016-11-17 02:38:47,/eget/orci/vehicula/condimentum/curabitur/in/libero.png
Madagascar,235.239.116.141,2017-06-11 04:38:45,/sapien/iaculis/congue.js
Cyprus,161.175.108.119,2017-11-27 19:52:03,/consequat/varius/integer/ac/leo.jsp
China,217.131.194.196,2018-06-05 02:35:20,/vitae/mattis/nibh/ligula.html
China,0.121.255.179,2017-09-10 15:19:14,/tempus/semper/est/quam/pharetra/magna.js
China,174.248.9.22,2018-03-10 07:30:42,/mauris/viverra/diam/vitae/quam.json
Argentina,44.150.48.145,2016-12-24 01:02:49,/posuere/felis/sed/lacus.jpg
France,244.70.58.205,2016-12-19 07:52:34,/nunc/viverra/dapibus/nulla/suscipit/ligula/in.html
Russia,152.130.193.32,2018-04-07 14:15:35,/ut/nunc/vestibulum/ante.png
United States,253.48.216.180,2017-02-25 11:20:36,/ut/mauris/eget/massa.aspx
Argentina,186.111.163.234,2017-07-31 20:57:25,/habitasse/platea.png
Sri Lanka,142.170.219.110,2017-12-18 11:59:53,/volutpat/dui/maecenas.json
Indonesia,191.176.100.148,2017-07-16 07:50:02,/nunc/proin/at.png
Albania,135.22.136.51,2018-06-12 16:18:28,/nullam/varius.jpg
Sweden,252.85.224.51,2017-06-22 18:39:02,/mauris.xml
Russia,210.238.191.26,2018-02-15 05:40:54,/massa/id/nisl/venenatis/lacinia/aenean/sit.xml
Poland,123.73.147.88,2018-10-21 11:30:46,/mauris/viverra/diam/vitae/quam/suspendisse/potenti.jsp
Portugal,251.44.247.175,2017-07-05 06:33:51,/elementum/in/hac.jsp
Indonesia,236.205.255.250,2017-01-07 18:34:35,/interdum/eu/tincidunt/in/leo/maecenas.xml
Poland,220.184.116.158,2017-11-02 05:44:14,/rhoncus.xml
Venezuela,0.136.151.218,2018-07-25 20:26:47,/eu/tincidunt/in/leo.xml
Greece,145.132.47.97,2018-01-25 12:26:39,/felis/sed/interdum/venenatis/turpis/enim.png
China,243.147.123.124,2017-03-04 03:07:20,/et/magnis/dis/parturient/montes/nascetur.xml
Philippines,180.117.46.4,2018-09-03 03:44:51,/enim/lorem/ipsum/dolor/sit/amet.aspx
Indonesia,127.212.6.227,2018-03-27 02:02:56,/quis/turpis/eget/elit/sodales.jpg
Canada,94.184.145.122,2016-11-11 22:54:59,/faucibus/accumsan.js
Spain,40.154.230.24,2018-08-01 05:35:29,/consectetuer/eget/rutrum/at/lorem.json
Colombia,163.2.241.65,2017-05-07 21:22:15,/non/mauris/morbi/non.jpg
China,158.94.28.29,2016-12-26 10:03:46,/imperdiet/et/commodo/vulputate/justo.aspx
Colombia,198.1.137.38,2018-10-04 17:30:26,/a/libero/nam.aspx
Czech Republic,191.65.101.4,2018-07-20 15:17:53,/neque/libero/convallis/eget/eleifend.xml
Russia,104.28.109.80,2018-05-19 10:36:31,/sed/vestibulum/sit.png
Japan,83.186.202.101,2018-07-24 07:24:29,/montes/nascetur.html
Poland,62.132.27.46,2018-06-16 12:01:45,/sit.jsp
China,246.36.123.104,2017-10-27 12:14:41,/in/quam/fringilla/rhoncus.xml
Brazil,174.63.28.157,2018-07-19 10:59:13,/pede/libero/quis/orci/nullam/molestie.jsp
Argentina,224.221.30.155,2018-02-25 06:33:49,/rhoncus/aliquet/pulvinar.jpg
Indonesia,156.189.241.17,2017-03-10 19:55:01,/blandit/non/interdum.js
Poland,20.75.201.219,2017-12-13 12:20:43,/consequat/dui/nec.html
Indonesia,243.185.177.88,2017-06-21 00:55:34,/quis/turpis/eget/elit/sodales.jsp
China,208.102.250.153,2016-12-13 01:28:27,/egestas/metus/aenean/fermentum.aspx
Brazil,53.46.234.71,2018-05-12 02:29:58,/lorem/ipsum/dolor.png
China,52.247.131.99,2016-11-09 12:56:15,/gravida/nisi/at.aspx
Philippines,203.15.180.79,2018-08-23 16:02:44,/sapien/arcu/sed/augue.html
China,99.18.199.76,2016-12-11 23:07:26,/eros/vestibulum/ac.xml
Indonesia,57.23.228.250,2017-11-27 02:41:30,/vitae/nisl/aenean/lectus.png
China,71.75.97.182,2017-12-19 07:03:37,/quam/fringilla/rhoncus/mauris.jpg
Brazil,99.190.222.225,2017-08-23 15:20:21,/elementum.json
Armenia,104.14.12.169,2017-06-18 17:37:48,/justo/in/hac/habitasse/platea/dictumst/etiam.json
Nigeria,56.81.97.81,2016-11-01 14:58:07,/scelerisque/quam/turpis/adipiscing/lorem.js
China,151.254.115.222,2018-05-08 15:03:44,/rutrum/ac/lobortis/vel/dapibus/at.js
Philippines,196.85.133.164,2018-06-27 09:34:03,/quam/nec/dui/luctus/rutrum/nulla.html
Croatia,31.152.225.110,2018-08-10 08:14:01,/venenatis/non/sodales/sed.jsp
Poland,127.238.73.33,2018-05-24 07:25:44,/suscipit.xml
Nigeria,157.185.212.108,2018-07-08 02:57:54,/fermentum/donec/ut.png
Brazil,3.163.132.221,2017-07-08 08:08:49,/ipsum.js
China,148.57.122.84,2018-02-27 08:24:33,/lectus/pellentesque/at/nulla/suspendisse.jsp
Canada,89.4.80.56,2017-03-17 22:53:07,/vivamus/in/felis.jsp
Czech Republic,192.106.238.83,2017-01-31 16:20:18,/quis/orci/nullam/molestie.png
Sweden,131.205.89.151,2017-09-08 12:15:17,/convallis/tortor/risus/dapibus/augue.xml
Thailand,197.209.163.207,2017-07-10 20:42:52,/urna/pretium.png
China,199.222.202.164,2018-01-04 02:33:02,/donec/odio/justo.aspx
Slovenia,223.169.177.72,2016-11-24 04:12:43,/duis/faucibus/accumsan/odio/curabitur/convallis/duis.js
North Korea,245.184.16.201,2018-01-06 20:16:46,/dolor.jsp
United States,70.52.59.213,2017-07-23 09:30:53,/lobortis.xml
Namibia,205.147.139.130,2017-12-25 08:59:42,/rhoncus/mauris/enim.aspx
Pakistan,210.19.213.45,2017-03-12 14:34:20,/pellentesque/ultrices/phasellus.json
Mayotte,130.2.90.106,2017-02-07 07:35:41,/tortor/quis/turpis/sed.xml
Indonesia,17.77.205.171,2017-08-05 07:45:01,/etiam/pretium.js
Thailand,91.179.193.191,2017-02-01 21:46:52,/venenatis/turpis/enim/blandit/mi/in/porttitor.js
Vietnam,24.245.89.145,2016-12-19 23:27:55,/justo/nec/condimentum/neque/sapien/placerat.jsp
Bangladesh,8.208.93.218,2018-07-06 15:49:01,/in/faucibus/orci.jsp
China,197.214.83.148,2017-07-12 15:27:59,/morbi/vel.json
Indonesia,145.144.177.158,2017-02-27 07:31:45,/nulla/pede/ullamcorper/augue.xml
China,48.88.255.217,2018-08-12 12:15:45,/mauris/laoreet/ut/rhoncus/aliquet/pulvinar/sed.jpg
Poland,179.220.72.71,2018-02-27 03:43:05,/donec/quis/orci/eget/orci/vehicula.js
Albania,102.158.16.110,2017-12-05 18:15:01,/luctus/cum/sociis.html
China,183.189.20.18,2017-01-13 00:05:47,/eu/est/congue/elementum.js
Czech Republic,241.23.199.28,2017-03-17 01:17:10,/cum/sociis.jpg
China,146.176.129.94,2018-10-06 21:04:16,/suspendisse/ornare/consequat/lectus/in.json
Colombia,51.219.149.208,2016-11-20 18:20:16,/ultricies/eu/nibh/quisque/id/justo.aspx
Panama,38.22.59.192,2018-09-11 06:23:00,/justo.png
Israel,237.88.254.70,2017-08-21 17:23:58,/aliquam/erat/volutpat/in/congue/etiam.js
Argentina,98.197.71.149,2016-12-17 06:45:14,/morbi/non/quam/nec/dui.html
Vietnam,72.72.122.236,2018-01-01 14:12:23,/ante/vestibulum/ante/ipsum/primis/in.js
Indonesia,2.19.99.46,2018-06-28 18:08:40,/quis/orci/nullam.aspx
Philippines,60.154.84.249,2018-03-15 19:01:58,/placerat/praesent/blandit/nam/nulla/integer.js
Belize,141.153.207.10,2017-04-08 14:30:21,/lectus/aliquam/sit/amet/diam/in/magna.json
Indonesia,157.146.103.188,2018-07-08 10:07:27,/orci/luctus/et/ultrices/posuere/cubilia.aspx
Portugal,181.190.128.129,2017-03-20 03:14:48,/diam/erat/fermentum/justo/nec/condimentum/neque.png
Poland,8.160.11.26,2018-06-27 16:05:08,/dui/nec/nisi/volutpat/eleifend/donec/ut.json
China,139.118.174.121,2017-02-04 03:00:46,/eget/congue.xml
Colombia,98.8.66.230,2018-02-17 21:11:18,/nisl/nunc/rhoncus/dui/vel.jpg
Mexico,173.42.234.4,2018-06-21 00:46:32,/ut/massa.json
Philippines,131.53.15.52,2016-11-20 19:32:17,/penatibus/et.json
Mongolia,97.169.50.132,2017-10-26 23:53:36,/sapien/varius/ut/blandit/non.json
Dominican Republic,249.122.11.183,2018-07-09 22:46:48,/in/purus/eu.json
Albania,214.162.105.30,2018-09-09 22:38:27,/urna.jpg
Japan,228.125.44.45,2017-12-24 20:55:07,/feugiat/non/pretium/quis/lectus/suspendisse.jsp
Poland,109.138.199.228,2017-03-27 23:42:17,/quis/turpis/eget/elit/sodales.js
Denmark,51.26.19.177,2017-09-23 11:22:03,/in/quam/fringilla/rhoncus/mauris.aspx
China,76.50.217.212,2017-05-11 19:03:43,/euismod/scelerisque/quam/turpis/adipiscing/lorem/vitae.html
Indonesia,220.55.116.155,2018-10-19 16:17:25,/vehicula/consequat/morbi/a/ipsum.aspx
Brazil,17.155.92.80,2016-11-04 23:04:08,/pretium/nisl/ut/volutpat.xml
China,94.183.227.254,2017-10-08 16:33:28,/vel/ipsum/praesent/blandit/lacinia.html
Indonesia,72.180.66.217,2018-08-10 09:21:34,/interdum/venenatis/turpis/enim/blandit/mi.js
China,200.109.11.255,2018-01-02 11:11:07,/vitae/nisi/nam/ultrices/libero/non.html
Argentina,48.67.137.110,2017-03-10 18:56:02,/tortor/sollicitudin/mi.aspx
China,137.60.104.15,2017-10-29 02:36:08,/blandit/ultrices.xml
Brazil,208.54.33.191,2018-01-19 18:37:22,/lacinia/nisi.html
China,120.191.201.234,2018-09-21 20:37:08,/donec/posuere/metus/vitae/ipsum/aliquam/non.aspx
Russia,229.64.177.8,2016-12-20 18:39:23,/nulla/dapibus/dolor.xml
Sweden,114.88.24.161,2017-02-27 13:29:51,/pede.aspx
Lithuania,40.168.206.148,2018-06-15 03:20:51,/imperdiet/et.xml
Argentina,80.78.39.226,2018-04-17 09:46:38,/lorem/id/ligula/suspendisse/ornare.aspx
Russia,252.208.202.205,2018-03-06 01:00:53,/enim/in/tempor/turpis.png
Ireland,170.66.253.96,2017-08-02 08:55:41,/sed/nisl/nunc/rhoncus.png
China,196.204.160.4,2016-11-11 19:53:17,/nam.xml
Philippines,46.21.161.23,2016-12-27 12:52:36,/praesent/lectus/vestibulum/quam.jsp
Japan,93.142.134.180,2018-09-10 02:02:12,/vehicula/condimentum/curabitur.html
Saint Vincent and the Grenadines,251.34.239.111,2017-02-26 07:12:52,/blandit/nam/nulla/integer/pede/justo.js
Indonesia,254.247.194.6,2018-05-25 03:33:21,/feugiat.js
China,32.170.103.197,2016-11-19 19:06:18,/enim/lorem/ipsum/dolor/sit/amet/consectetuer.png
Indonesia,64.149.215.114,2018-03-18 04:05:12,/ac/diam/cras/pellentesque/volutpat/dui/maecenas.png
Brazil,62.166.202.154,2017-07-27 16:39:40,/dictumst/aliquam/augue/quam/sollicitudin.aspx
Philippines,111.113.102.212,2018-08-08 09:03:52,/sapien/ut/nunc/vestibulum/ante.png
Sweden,32.51.56.224,2018-01-17 04:43:48,/natoque/penatibus/et/magnis/dis.jsp
Thailand,106.169.227.244,2017-04-18 22:46:50,/justo.html
Russia,108.143.80.212,2017-01-12 13:34:57,/vel/est/donec/odio/justo/sollicitudin.aspx
Venezuela,255.169.208.254,2017-02-28 05:15:57,/ipsum/primis/in/faucibus.html
Brazil,39.162.159.149,2018-08-27 02:02:36,/duis/bibendum/morbi/non/quam/nec.json
China,124.58.209.239,2016-11-04 00:45:07,/quisque/porta.png
Equatorial Guinea,253.73.117.171,2017-05-06 01:40:02,/nec/condimentum/neque/sapien/placerat/ante.aspx
China,130.252.115.18,2018-01-05 03:40:06,/et/ultrices/posuere/cubilia/curae/nulla.png
Germany,253.135.114.196,2017-11-02 21:20:31,/id/massa/id/nisl/venenatis.jpg
Brazil,11.6.160.109,2017-06-04 18:55:43,/in/faucibus.aspx
Japan,254.88.74.118,2018-08-23 04:54:02,/amet/consectetuer/adipiscing/elit/proin.aspx
Peru,208.208.214.137,2018-05-01 10:24:41,/libero/rutrum/ac/lobortis.html
Indonesia,163.154.153.25,2017-02-02 17:41:38,/faucibus/orci/luctus/et/ultrices/posuere/cubilia.xml
China,202.84.83.213,2018-10-19 12:56:37,/non/pretium/quis/lectus/suspendisse.js
Indonesia,192.170.9.115,2017-04-04 22:28:20,/sagittis/dui/vel.jpg
Ukraine,225.93.99.65,2018-03-20 13:05:42,/congue/etiam/justo/etiam/pretium/iaculis/justo.aspx
Poland,229.165.36.236,2017-06-13 06:13:02,/hac/habitasse/platea/dictumst/aliquam/augue/quam.js
Brazil,36.31.211.119,2017-02-14 10:37:33,/at.json
Senegal,214.45.176.90,2017-12-03 18:07:07,/sodales/sed/tincidunt/eu/felis/fusce/posuere.html
Nigeria,124.218.184.240,2018-10-24 05:05:29,/sed/sagittis/nam.js
Philippines,120.28.215.255,2017-06-28 03:44:11,/morbi/quis/tortor.js
Netherlands,90.20.38.47,2017-03-15 10:19:22,/leo/odio/porttitor/id/consequat/in.jsp
Philippines,252.116.58.231,2017-07-19 20:04:20,/id/justo.html
Argentina,121.85.18.23,2016-12-01 12:47:14,/ante/ipsum/primis.json
Colombia,61.27.70.255,2017-06-11 01:59:45,/diam/vitae/quam/suspendisse/potenti/nullam.js
Chile,175.156.238.41,2017-02-19 13:28:13,/eleifend/luctus/ultricies/eu/nibh/quisque.jpg
China,143.96.120.84,2018-10-05 09:15:26,/ligula/sit.js
Greece,57.251.107.23,2018-09-23 10:46:17,/nam/ultrices/libero.xml
Iran,47.119.107.190,2017-06-28 09:34:37,/amet/justo/morbi/ut/odio/cras.js
China,199.162.135.64,2017-04-22 04:48:39,/erat/vestibulum/sed/magna/at.jsp
Russia,178.195.196.90,2016-11-24 15:25:54,/libero/rutrum/ac/lobortis.js
Guatemala,204.69.232.105,2018-09-24 15:25:14,/quam/sapien/varius.jpg
Kuwait,171.232.38.84,2018-06-23 06:28:55,/nulla/eget/eros/elementum/pellentesque/quisque/porta.aspx
Russia,48.7.90.174,2016-12-07 08:01:04,/dolor/vel/est/donec/odio/justo/sollicitudin.json
Brazil,164.105.144.186,2017-04-02 09:46:46,/faucibus/orci/luctus.png
China,59.2.176.198,2017-12-11 00:02:37,/lacinia.jpg
China,132.16.216.108,2018-02-02 08:24:28,/et/magnis/dis/parturient/montes/nascetur/ridiculus.jsp
China,177.152.108.65,2016-12-23 09:32:18,/sem/fusce/consequat.jpg
China,141.140.162.12,2016-11-12 11:33:55,/nulla/pede.aspx
Botswana,21.28.1.149,2017-08-08 04:05:33,/nulla.jpg
United States,106.0.191.24,2017-11-14 12:22:52,/vestibulum/proin/eu.jsp
Portugal,5.29.159.239,2018-05-21 13:26:39,/mauris/lacinia/sapien/quis/libero/nullam.json
Mexico,48.173.197.50,2017-01-06 04:30:55,/interdum/venenatis/turpis.jsp
Canada,238.95.198.178,2017-11-21 04:35:58,/dolor/sit/amet/consectetuer.json
Iran,112.137.248.200,2016-11-20 02:50:28,/commodo/vulputate.png
Luxembourg,232.26.117.26,2017-10-17 17:04:39,/id/pretium/iaculis/diam.png
China,44.120.68.194,2017-09-20 15:20:25,/odio/elementum.js
Canada,84.170.224.95,2016-12-07 00:14:38,/pede/malesuada/in/imperdiet.xml
Madagascar,150.13.231.86,2017-06-18 18:02:11,/sapien.aspx
Yemen,1.201.125.18,2017-11-12 19:25:28,/quisque/arcu/libero/rutrum/ac.html
Indonesia,145.120.6.161,2017-05-04 10:21:04,/arcu/sed/augue/aliquam/erat/volutpat.html
Philippines,83.245.56.152,2018-05-08 19:52:09,/sed/magna/at/nunc/commodo.png
Croatia,223.79.174.78,2016-12-04 05:23:58,/ac.html
France,136.107.131.195,2017-11-10 04:43:22,/interdum.html
Japan,126.81.191.137,2017-04-19 05:28:01,/rhoncus/aliquet/pulvinar/sed/nisl/nunc/rhoncus.xml
Sweden,117.227.114.231,2018-03-12 04:07:42,/velit/id/pretium/iaculis/diam.aspx
China,119.100.159.200,2017-11-14 17:59:09,/dui/maecenas/tristique/est.jpg
China,19.132.13.128,2017-01-24 00:27:55,/id/massa/id.aspx
United Kingdom,155.63.198.73,2018-02-21 23:38:15,/quam/sapien/varius/ut/blandit/non.js
Indonesia,83.246.121.208,2018-05-23 19:38:07,/tempor/turpis/nec/euismod.json
China,21.95.179.169,2017-03-21 15:27:36,/penatibus.js
Russia,220.192.250.32,2017-06-20 17:52:48,/sem.js
Philippines,3.96.198.210,2018-08-15 18:40:03,/ligula/pellentesque/ultrices/phasellus/id/sapien/in.html
Philippines,80.39.116.189,2017-05-02 21:24:42,/sapien/quis/libero/nullam/sit/amet/turpis.xml
Kyrgyzstan,148.128.121.47,2018-02-08 10:45:52,/cursus.jsp
Russia,250.247.23.79,2018-06-17 06:31:40,/id.jpg
Indonesia,135.213.184.215,2017-02-09 04:13:12,/ultrices.jpg
Philippines,220.184.0.97,2017-05-27 03:08:23,/lectus.js
Poland,102.174.193.51,2018-03-08 04:53:54,/magna/at/nunc/commodo/placerat/praesent/blandit.aspx
China,220.25.191.204,2017-01-16 07:59:59,/ultrices/posuere/cubilia/curae/donec.png
Macedonia,55.148.232.225,2018-05-17 03:56:14,/ultrices/aliquet.jsp
Czech Republic,104.17.118.129,2018-07-12 17:21:48,/ac/lobortis/vel/dapibus/at/diam.json
China,174.241.14.3,2018-04-29 13:04:46,/justo/lacinia/eget/tincidunt/eget.jsp
Kazakhstan,30.13.38.71,2017-09-09 22:36:18,/urna/ut.json
Indonesia,236.206.252.184,2018-06-28 17:10:59,/id/consequat.aspx
Indonesia,57.21.253.212,2017-12-23 20:25:41,/primis.png
Peru,185.238.231.101,2018-05-24 08:36:47,/diam/neque/vestibulum/eget/vulputate/ut.aspx
Brazil,64.37.224.214,2018-01-29 23:41:40,/curabitur/at/ipsum/ac/tellus/semper/interdum.png
Sweden,89.178.127.0,2018-02-10 12:33:10,/congue/elementum.xml
Belarus,168.173.167.161,2016-12-21 08:59:16,/pede/venenatis/non/sodales/sed/tincidunt.js
Germany,85.253.47.189,2017-05-10 00:27:12,/enim/in/tempor.js
China,100.24.59.168,2018-09-13 13:29:09,/felis/sed/interdum/venenatis/turpis/enim/blandit.aspx
Greece,66.137.41.179,2018-08-14 02:23:23,/eu.jsp
Indonesia,180.77.99.184,2018-08-03 12:50:21,/integer/tincidunt/ante/vel.jsp
Bangladesh,178.11.2.47,2017-08-09 04:54:39,/turpis/enim/blandit.aspx
Philippines,188.28.84.112,2018-05-11 04:55:04,/tempor/convallis/nulla/neque/libero/convallis/eget.png
Micronesia,226.111.47.212,2017-07-11 03:23:49,/nibh/in/quis/justo/maecenas/rhoncus/aliquam.png
China,112.244.27.174,2017-07-03 04:44:27,/volutpat/eleifend/donec/ut/dolor/morbi.xml
Philippines,46.235.164.118,2017-05-04 11:09:18,/nullam/sit/amet/turpis/elementum/ligula/vehicula.xml
China,133.176.3.170,2017-07-15 02:09:27,/risus.xml
China,188.96.174.199,2017-05-03 21:18:42,/ipsum/integer.jsp
China,104.34.159.129,2017-09-03 05:00:30,/luctus/et/ultrices/posuere/cubilia/curae/duis.xml
China,193.4.155.37,2017-12-28 23:47:34,/eros/suspendisse/accumsan/tortor/quis/turpis/sed.xml
Lithuania,205.197.28.160,2017-08-03 01:27:37,/dis/parturient/montes.jsp
Philippines,171.102.233.185,2017-06-11 01:02:59,/venenatis.aspx
Russia,171.101.130.185,2017-12-21 02:30:24,/suspendisse/potenti.json
Bosnia and Herzegovina,124.6.202.48,2017-05-08 05:48:12,/ipsum/aliquam.aspx
China,215.173.129.177,2017-09-29 12:55:12,/justo/sit/amet/sapien/dignissim.jsp
Dominica,115.47.128.230,2018-02-12 22:56:55,/ipsum/praesent/blandit.png
Indonesia,239.57.105.9,2016-12-20 20:06:32,/curae/donec/pharetra/magna.js
Czech Republic,37.237.0.167,2017-06-16 15:08:00,/ante/ipsum/primis/in.jpg
Russia,80.94.79.51,2017-07-07 18:08:51,/scelerisque.js
Colombia,244.90.99.130,2018-05-28 09:30:09,/nisi/vulputate/nonummy/maecenas/tincidunt/lacus/at.html
Russia,83.42.161.60,2017-08-09 21:29:46,/sed/justo.aspx
United States,98.133.222.54,2017-05-16 09:11:25,/eu/est/congue.png
Colombia,152.249.13.142,2018-09-21 19:33:53,/vestibulum/vestibulum/ante/ipsum/primis/in/faucibus.html
North Korea,208.89.252.181,2018-04-27 05:24:30,/consequat/lectus/in/est/risus.js
Malaysia,31.120.171.156,2017-06-06 15:11:20,/quis/orci.png
Spain,1.192.222.245,2017-10-06 06:42:03,/duis/aliquam/convallis/nunc.jpg
Ghana,30.70.17.167,2017-10-22 16:42:43,/enim/lorem/ipsum/dolor/sit/amet.html
Philippines,133.199.147.166,2017-11-30 04:00:38,/eu/est.json
France,83.106.158.153,2018-03-31 06:34:55,/quam.jpg
Portugal,15.59.243.158,2018-10-23 21:28:21,/at/velit/vivamus.aspx
China,48.64.160.46,2018-02-26 20:56:13,/blandit/lacinia/erat/vestibulum.js
Thailand,101.141.110.70,2017-10-24 21:59:03,/ac/neque.html
China,175.161.74.224,2017-02-01 22:16:40,/habitasse/platea/dictumst/etiam/faucibus/cursus.jsp
Venezuela,68.16.229.112,2018-03-16 00:20:28,/ipsum/primis/in/faucibus.xml
Russia,205.11.41.53,2018-06-06 03:58:21,/nulla/sed.js
Sri Lanka,119.214.228.76,2017-12-18 06:09:50,/aenean/lectus/pellentesque/eget.json
Estonia,191.103.42.165,2017-01-28 23:38:11,/lorem/vitae/mattis/nibh/ligula/nec/sem.json
Costa Rica,109.162.252.255,2018-04-19 13:08:16,/luctus/cum/sociis/natoque.json
Argentina,96.216.208.228,2017-09-16 22:30:34,/aliquam/lacus/morbi.jpg
Poland,126.73.77.84,2018-03-02 16:24:53,/id/ligula/suspendisse/ornare/consequat/lectus/in.jpg
Thailand,18.46.195.104,2017-06-14 11:52:25,/congue/risus/semper/porta/volutpat.js
Portugal,73.81.19.33,2016-11-27 12:23:13,/et.html
China,186.180.43.239,2017-08-10 17:57:31,/integer/ac/neque/duis/bibendum/morbi/non.html
Mozambique,137.239.204.1,2017-04-15 20:35:35,/nulla/sed/accumsan/felis/ut/at/dolor.js
France,27.204.18.88,2018-09-29 09:09:33,/vehicula/condimentum.aspx
Colombia,231.215.203.215,2017-07-15 13:52:10,/fringilla/rhoncus/mauris/enim/leo.aspx
Bosnia and Herzegovina,156.237.202.215,2017-06-13 11:26:07,/erat/quisque/erat/eros/viverra/eget/congue.js
Tanzania,210.196.9.154,2016-11-15 18:15:25,/nulla/integer/pede.png
United States,235.84.8.171,2016-12-09 07:34:03,/in/blandit/ultrices.aspx
China,6.196.68.10,2018-05-06 16:47:46,/elementum/ligula/vehicula/consequat.html
Zambia,76.84.251.194,2018-10-19 16:29:23,/quis/justo/maecenas/rhoncus.jsp
China,243.201.125.218,2018-09-18 21:35:33,/nibh/quisque/id/justo/sit/amet/sapien.jsp
Brazil,29.143.246.84,2018-07-02 17:25:37,/risus/praesent.xml
Greece,193.202.220.190,2017-07-26 01:20:42,/quam/pharetra/magna/ac/consequat.jpg
Indonesia,67.10.190.71,2018-01-31 06:07:37,/sed/vestibulum/sit/amet/cursus/id.xml
Sierra Leone,69.202.127.14,2017-05-21 18:40:52,/donec.jpg
Indonesia,132.206.144.178,2017-02-03 13:37:28,/lorem/ipsum/dolor/sit.js
China,97.45.39.176,2017-09-11 17:30:13,/eu/nibh/quisque/id/justo/sit.xml
Russia,189.145.223.225,2017-08-27 09:12:52,/duis/faucibus/accumsan/odio/curabitur/convallis.jsp
Russia,218.252.104.228,2018-09-26 08:34:33,/convallis/nulla/neque/libero/convallis/eget.png
Sweden,28.207.172.174,2017-02-10 10:17:42,/in/faucibus/orci.png
China,154.55.12.46,2018-09-20 16:46:13,/mollis/molestie/lorem.jpg
China,173.90.155.5,2018-10-24 20:10:05,/donec/quis.html
Philippines,233.24.228.95,2018-07-23 09:24:16,/etiam/justo/etiam.html
Russia,193.54.208.104,2017-05-15 16:15:20,/purus.json
China,82.70.82.39,2017-05-11 22:44:19,/semper/est/quam.jsp
Poland,4.253.201.42,2018-08-09 08:07:25,/id/justo/sit.jpg
China,134.23.68.0,2018-06-10 08:44:23,/ipsum/praesent/blandit/lacinia.json
China,47.47.10.58,2017-09-14 23:24:41,/morbi/odio/odio/elementum/eu.js
Philippines,130.136.26.203,2018-08-14 15:19:02,/purus.jpg
Croatia,60.211.200.33,2017-07-30 19:34:59,/at/vulputate/vitae/nisl/aenean/lectus/pellentesque.html
China,43.170.72.86,2017-06-05 19:57:20,/posuere/cubilia.html
Russia,71.234.6.78,2017-07-28 04:12:04,/nulla/facilisi.js
Madagascar,9.211.155.51,2017-11-20 03:43:16,/at/nulla/suspendisse/potenti/cras.xml
Indonesia,47.184.100.106,2017-06-28 03:12:26,/quisque/ut/erat.jsp
Peru,122.254.222.79,2016-12-27 18:51:52,/vitae/mattis/nibh/ligula.png
Japan,2.52.165.6,2017-12-15 09:46:04,/blandit/nam/nulla/integer.js
Argentina,20.7.41.11,2017-06-09 05:21:00,/eget/eros/elementum.aspx
United States,96.34.27.0,2017-04-06 08:22:51,/proin/leo/odio/porttitor/id.html
China,167.18.19.140,2016-12-04 12:54:12,/ullamcorper/purus/sit/amet/nulla.html
Chad,166.237.234.129,2018-04-06 07:54:10,/justo.jpg
Denmark,220.124.192.156,2017-04-16 22:49:42,/id.jpg
Albania,111.192.203.227,2017-12-11 08:18:07,/in/ante/vestibulum/ante/ipsum.jsp
Armenia,27.53.128.218,2017-10-10 13:12:46,/pulvinar/sed/nisl/nunc/rhoncus/dui/vel.html
Czech Republic,76.223.105.138,2018-09-20 13:24:03,/sit.xml
Indonesia,107.133.59.114,2018-03-11 05:37:03,/elementum/eu/interdum/eu/tincidunt/in.aspx
Philippines,75.238.16.220,2018-07-20 10:35:13,/fusce.js
Angola,224.54.118.105,2018-01-03 18:17:48,/dolor/quis/odio/consequat.json
United States,3.14.160.84,2018-03-27 09:12:55,/dui/maecenas/tristique.html
Russia,239.224.143.178,2018-10-18 20:32:48,/eleifend/luctus/ultricies.js
Mexico,148.42.173.50,2017-12-04 05:59:07,/nulla.html
China,31.26.40.20,2017-12-05 02:55:36,/commodo.js
China,164.103.196.49,2017-09-23 01:19:01,/sollicitudin/mi/sit/amet/lobortis.json
Russia,129.15.227.60,2018-08-30 00:31:21,/curae/donec.html
Poland,114.202.158.46,2017-10-17 06:12:57,/in.js
Poland,42.132.93.11,2016-12-28 21:14:43,/tempus/semper/est/quam/pharetra/magna/ac.png
China,143.117.60.111,2017-06-04 18:44:04,/proin.json
Indonesia,172.81.216.43,2017-04-04 06:22:45,/nisl/nunc/nisl/duis/bibendum.aspx
China,175.170.221.173,2018-06-19 00:51:50,/aliquam/quis/turpis/eget.aspx
Ivory Coast,56.248.39.159,2017-11-17 17:33:05,/sagittis/sapien/cum/sociis/natoque/penatibus.jsp
Indonesia,169.36.21.244,2017-03-27 20:52:39,/in/magna/bibendum/imperdiet/nullam/orci/pede.png
Russia,19.160.137.27,2018-03-20 12:29:09,/cum/sociis/natoque.aspx
Portugal,244.102.72.30,2017-08-24 12:23:56,/pede/ullamcorper/augue/a.xml
Poland,102.95.4.170,2018-07-02 13:18:18,/libero/convallis/eget/eleifend/luctus.jsp
Sweden,159.26.214.97,2018-07-27 08:43:50,/sapien/cum.xml
Argentina,124.176.199.227,2016-11-27 15:40:31,/libero/quis.json
Colombia,94.65.36.177,2017-07-09 04:20:53,/tempor/convallis/nulla/neque/libero/convallis.png
China,77.129.222.19,2018-10-22 21:42:16,/fermentum.xml
Japan,191.75.88.55,2017-08-19 04:24:53,/ut.png
Honduras,14.10.55.128,2018-08-04 09:47:13,/nec/euismod/scelerisque/quam/turpis/adipiscing/lorem.js
Czech Republic,119.83.8.178,2017-06-12 20:43:09,/a/feugiat/et/eros/vestibulum/ac/est.jsp
Paraguay,155.9.247.117,2018-05-31 17:29:41,/ultricies/eu/nibh/quisque.json
Argentina,210.17.155.161,2018-01-31 18:45:59,/eu/felis/fusce/posuere/felis/sed.jpg
Cuba,100.60.143.79,2016-11-05 09:02:54,/posuere/cubilia/curae/duis/faucibus/accumsan/odio.js
Philippines,23.194.189.89,2018-09-01 17:00:17,/consequat.png
Indonesia,169.74.66.203,2018-05-28 14:27:40,/morbi/odio/odio/elementum.html
Poland,226.177.12.54,2017-08-07 23:06:30,/interdum/mauris/non/ligula/pellentesque.aspx
Seychelles,193.97.229.205,2018-03-17 17:05:22,/curabitur/in/libero/ut.aspx
Portugal,150.138.53.110,2017-07-05 13:24:25,/mi/sit.js
China,13.83.102.47,2017-11-22 22:26:01,/in.xml
China,221.7.155.240,2017-06-23 17:40:19,/interdum/eu/tincidunt/in/leo/maecenas/pulvinar.xml
China,207.91.196.95,2016-12-31 18:50:36,/sollicitudin/mi/sit.jpg
United States,198.123.71.188,2018-10-07 03:20:27,/nibh/fusce/lacus/purus.xml
France,55.118.182.119,2018-04-30 21:48:09,/lorem/id/ligula.js
Sweden,145.205.239.69,2017-01-01 19:24:02,/ultrices.html
Indonesia,110.163.176.235,2018-06-05 13:52:11,/congue/elementum/in.json
Mozambique,188.248.7.177,2017-04-05 21:30:41,/magna.json
Philippines,41.215.31.237,2017-10-15 23:38:26,/ipsum/ac/tellus/semper/interdum/mauris/ullamcorper.json
Russia,166.30.152.3,2018-10-01 07:56:08,/duis/ac/nibh/fusce/lacus/purus.json
Indonesia,32.33.189.203,2017-10-24 05:34:06,/curabitur.png
Brazil,9.94.200.62,2017-11-06 06:51:27,/vivamus/in/felis.png
France,151.244.44.76,2017-09-07 12:30:48,/at/turpis/donec/posuere.jsp
Indonesia,38.5.45.24,2018-06-21 00:40:01,/habitasse/platea/dictumst/morbi/vestibulum.html
Poland,216.127.86.168,2017-03-08 11:15:49,/accumsan/tellus/nisi.html
Kazakhstan,199.2.212.65,2017-11-01 16:56:07,/mi/pede/malesuada/in/imperdiet.js
China,155.196.76.82,2016-11-11 03:47:52,/tellus/nisi/eu.html
Russia,83.101.74.28,2018-01-21 23:49:09,/sed/ante/vivamus.xml
China,111.70.164.217,2018-08-05 01:36:42,/orci/eget/orci/vehicula/condimentum.png
Syria,136.251.69.9,2018-01-12 06:40:02,/lacinia/sapien/quis/libero.jpg
Philippines,114.45.234.3,2018-04-15 16:00:11,/blandit/ultrices/enim/lorem.html
Honduras,223.79.123.158,2017-10-28 23:06:24,/enim/blandit/mi/in.jpg
Russia,48.10.56.64,2016-11-02 11:24:35,/odio/odio/elementum/eu.jsp
Mexico,190.147.210.140,2018-08-16 04:17:17,/lectus/pellentesque/eget/nunc/donec/quis/orci.js
China,145.66.241.113,2018-01-06 03:50:28,/dolor/sit/amet/consectetuer/adipiscing/elit/proin.jpg
Burundi,3.54.182.30,2016-11-01 09:21:45,/aliquam/augue/quam/sollicitudin/vitae/consectetuer/eget.aspx
Indonesia,52.57.205.64,2018-08-17 21:40:46,/neque/vestibulum/eget/vulputate/ut.aspx
China,186.117.145.22,2018-09-09 15:07:02,/congue/eget/semper/rutrum.jsp
Indonesia,20.228.46.99,2017-08-26 05:20:25,/turpis/donec/posuere/metus/vitae/ipsum.jsp
Portugal,205.189.191.18,2017-06-19 23:30:29,/diam.jsp
Philippines,217.131.195.52,2017-03-27 11:47:12,/id/lobortis/convallis/tortor.aspx
Japan,137.187.130.92,2018-07-16 02:15:20,/in/libero/ut/massa.aspx
Russia,180.171.56.181,2018-02-06 00:53:14,/eget/tincidunt/eget/tempus/vel/pede/morbi.json
China,43.14.64.29,2017-12-10 07:27:21,/nam/dui/proin/leo/odio/porttitor/id.xml
China,80.86.84.232,2017-02-07 20:57:24,/morbi/porttitor/lorem.jpg
Indonesia,19.67.77.229,2017-10-22 20:37:27,/sit/amet/lobortis/sapien/sapien.xml
Russia,185.231.186.130,2017-06-03 06:03:06,/amet/eleifend/pede/libero.js
Indonesia,74.68.235.170,2018-04-24 23:23:31,/lacus/morbi/quis.json
Indonesia,254.12.152.32,2017-05-21 11:48:34,/turpis/integer/aliquet.js
Sweden,69.253.34.135,2016-11-20 18:52:58,/nulla/justo/aliquam/quis/turpis/eget.html
Peru,100.9.208.232,2017-05-27 18:04:57,/nisi/volutpat/eleifend.jsp
China,70.51.47.54,2018-09-24 05:52:38,/adipiscing/lorem/vitae/mattis/nibh.jpg
Sweden,38.99.47.37,2018-06-05 19:20:47,/dui/vel/nisl/duis.xml
Poland,170.142.116.224,2018-07-25 08:02:03,/ipsum/praesent.jsp
South Korea,222.22.30.244,2018-07-08 06:33:10,/amet/erat/nulla/tempus/vivamus/in.json
China,250.33.79.86,2017-10-13 21:46:02,/at/nibh.jsp
Ukraine,34.70.159.134,2017-11-04 18:18:50,/montes/nascetur.jpg
Philippines,15.213.156.47,2018-01-25 10:34:10,/sit/amet/justo/morbi/ut/odio/cras.js
Czech Republic,31.169.118.170,2018-07-15 21:40:16,/ante.js
Netherlands,63.124.91.224,2016-11-20 02:10:17,/potenti.html
Estonia,160.154.240.49,2018-06-15 12:42:55,/non/mi/integer/ac.html
Brazil,203.154.15.57,2017-11-02 14:11:21,/hac/habitasse/platea/dictumst/etiam.html
Brazil,117.96.101.180,2016-12-05 05:55:04,/vel/est/donec/odio/justo.xml
Thailand,35.86.13.175,2018-01-01 22:17:57,/sit.xml
Indonesia,73.70.35.118,2017-08-16 18:53:43,/quis/turpis/eget/elit/sodales/scelerisque/mauris.aspx
Spain,161.249.207.163,2018-01-18 04:49:14,/in/faucibus/orci/luctus/et.jpg
Tanzania,201.63.37.53,2017-08-30 02:26:24,/nec/sem/duis.jpg
Serbia,3.155.235.100,2016-12-19 21:01:31,/id/ligula/suspendisse.jsp
Germany,222.191.70.177,2017-09-30 10:28:36,/amet/turpis/elementum.html
Japan,101.235.29.208,2017-06-10 03:59:53,/at/nulla/suspendisse/potenti/cras/in/purus.aspx
Greece,179.114.37.67,2018-07-08 05:44:49,/vivamus/metus/arcu/adipiscing.html
China,85.98.149.34,2017-09-22 18:17:56,/consequat/nulla/nisl.jpg
Botswana,110.163.121.76,2018-05-09 17:24:50,/ullamcorper/augue/a/suscipit/nulla/elit.js
France,126.157.75.127,2017-08-13 01:27:33,/sed/interdum/venenatis.jsp
Portugal,13.150.28.189,2018-02-11 21:05:12,/ultrices.json
Sweden,2.0.28.129,2017-05-15 20:26:21,/in/libero/ut.xml
China,45.33.126.4,2018-09-10 16:21:56,/amet.xml
Japan,63.69.39.34,2017-04-07 10:35:50,/aliquet/at/feugiat.js
Philippines,211.41.110.163,2018-07-30 01:08:51,/tempor/convallis/nulla/neque.json
Togo,202.21.49.172,2018-06-27 00:38:20,/orci/mauris/lacinia/sapien/quis.aspx
Brazil,195.170.233.69,2017-04-14 16:26:07,/tincidunt/in/leo/maecenas/pulvinar.jpg
China,132.47.210.101,2017-12-06 03:34:20,/congue/etiam/justo/etiam/pretium/iaculis/justo.jpg
Indonesia,232.13.99.152,2017-06-07 10:10:14,/nulla/suscipit/ligula/in.jpg
Peru,61.154.32.197,2018-01-06 06:08:18,/rutrum/at/lorem/integer/tincidunt.aspx
Ukraine,139.7.39.153,2018-02-20 06:37:31,/praesent/blandit/nam/nulla/integer/pede.jpg
United Arab Emirates,209.121.211.156,2018-05-07 06:58:25,/nisi/nam/ultrices/libero/non.json
Indonesia,16.62.103.95,2017-07-30 02:54:26,/ut/ultrices/vel/augue/vestibulum.png
United States,68.231.129.153,2017-10-05 15:02:07,/vestibulum/ac/est/lacinia/nisi/venenatis/tristique.json
Philippines,206.38.211.83,2018-07-02 00:27:58,/sollicitudin/mi/sit/amet/lobortis/sapien.json
Argentina,168.149.203.5,2018-08-30 03:19:06,/luctus/et/ultrices/posuere/cubilia/curae.jpg
Greece,104.161.109.63,2017-06-28 11:15:12,/accumsan/tellus/nisi/eu/orci/mauris.js
China,71.51.251.198,2018-09-16 17:24:29,/ultrices/posuere/cubilia/curae/duis/faucibus/accumsan.js
Indonesia,92.76.52.125,2017-07-21 02:04:09,/nam/nulla/integer/pede/justo.js
Iceland,230.72.213.80,2017-04-19 23:55:18,/neque/vestibulum/eget/vulputate.json
China,64.88.151.106,2017-07-27 08:04:53,/lectus/aliquam/sit/amet.json
France,150.66.169.98,2018-07-02 13:11:47,/tellus/semper/interdum.png
Indonesia,147.81.29.49,2017-02-02 12:00:00,/orci/luctus/et/ultrices.html
El Salvador,6.2.170.240,2018-03-02 00:36:37,/vestibulum/ante/ipsum/primis/in.json
China,254.105.132.91,2016-12-12 09:42:18,/convallis.jsp
Argentina,236.53.122.202,2016-11-12 04:07:09,/ipsum/dolor/sit/amet/consectetuer.png
Russia,197.16.211.97,2018-03-26 18:16:47,/justo.js
China,38.246.3.123,2017-02-06 20:57:00,/ac/neque/duis/bibendum/morbi.jpg
China,251.53.234.221,2017-09-14 11:39:32,/non/quam/nec/dui/luctus.jpg
Kuwait,16.253.222.15,2017-05-04 10:19:45,/sit/amet.js
Poland,250.117.243.161,2017-05-14 16:14:19,/non.json
Indonesia,250.211.114.97,2017-04-06 12:24:15,/justo/morbi/ut.png
China,147.233.66.74,2018-08-30 21:46:11,/odio/in/hac/habitasse.jsp
Portugal,228.245.148.235,2017-07-31 08:08:25,/dui/vel.jsp
China,23.3.108.255,2018-06-01 09:35:00,/feugiat/et/eros/vestibulum/ac.jpg
Egypt,101.133.209.178,2017-08-12 21:33:41,/imperdiet/et/commodo/vulputate.js
Mexico,11.217.36.206,2018-07-11 13:30:02,/ante/ipsum/primis/in/faucibus/orci/luctus.jpg
Honduras,47.199.212.67,2017-03-24 15:41:50,/in.jpg
Portugal,84.2.73.26,2018-07-04 19:40:16,/venenatis/turpis/enim/blandit/mi/in.html
Guatemala,208.173.225.45,2017-05-15 10:47:48,/natoque/penatibus/et/magnis.xml
France,131.84.143.252,2018-04-07 03:57:33,/tristique/fusce/congue.html
Sweden,149.249.211.9,2017-05-26 21:04:58,/nunc/purus.js
Russia,144.133.23.194,2017-05-15 21:45:19,/nunc/donec/quis/orci/eget/orci/vehicula.jsp
Indonesia,38.201.21.220,2018-07-28 09:35:11,/erat/id/mauris/vulputate/elementum/nullam/varius.xml
Poland,223.80.16.128,2018-09-23 22:25:09,/rutrum/at/lorem/integer/tincidunt/ante/vel.html
Colombia,131.34.61.254,2018-04-29 15:04:51,/in.jsp
France,85.115.108.9,2017-10-03 20:50:13,/posuere/cubilia/curae/duis.xml
Bangladesh,195.192.117.211,2017-12-23 18:41:18,/quisque.json
China,253.248.179.37,2017-05-10 01:14:19,/arcu/sed.html
China,96.50.236.32,2017-07-31 00:52:02,/vivamus/vestibulum/sagittis/sapien/cum/sociis.html
Philippines,227.96.249.35,2017-09-29 13:53:53,/et/ultrices/posuere/cubilia/curae.json
Brazil,65.159.78.77,2016-11-12 19:34:01,/fusce/posuere/felis/sed/lacus/morbi.js
Philippines,180.167.25.78,2017-09-23 06:05:14,/dolor/vel/est/donec.js
Japan,148.21.38.27,2016-11-28 20:48:34,/eu/interdum/eu/tincidunt/in/leo/maecenas.json
Philippines,185.239.104.87,2017-04-07 10:43:29,/penatibus/et.jsp
South Africa,200.157.224.112,2018-07-19 09:41:24,/quam/suspendisse/potenti/nullam/porttitor/lacus/at.html
Canada,112.13.109.187,2017-07-08 05:14:22,/metus/vitae/ipsum/aliquam/non.json
Serbia,149.26.64.54,2018-07-08 15:33:42,/ullamcorper/purus/sit/amet/nulla/quisque.aspx
Russia,208.113.36.63,2018-04-03 09:38:04,/lorem/vitae.png
Indonesia,236.17.3.209,2017-08-09 07:34:15,/cras/in/purus/eu/magna.aspx
Peru,137.244.151.139,2017-08-10 22:10:19,/lacus/curabitur/at/ipsum.aspx
Iran,97.244.88.232,2017-12-20 17:02:12,/id/turpis/integer.json
China,204.6.147.134,2017-03-20 01:14:51,/consectetuer/eget/rutrum/at/lorem.xml
Japan,155.49.48.11,2017-05-27 16:48:01,/vel/lectus/in/quam/fringilla.html
China,139.143.194.8,2018-04-16 22:00:10,/et/eros/vestibulum/ac/est/lacinia/nisi.js
Costa Rica,72.178.84.211,2016-12-16 18:47:36,/cursus.json
Brazil,13.126.38.227,2018-09-10 14:02:18,/quis/orci/eget/orci/vehicula.html
Brazil,77.117.149.46,2017-06-26 12:12:59,/suspendisse/accumsan/tortor/quis/turpis/sed/ante.xml
Albania,17.240.204.180,2017-02-24 11:55:16,/dapibus/duis/at/velit/eu.jsp
Russia,119.193.117.59,2016-12-19 20:08:23,/ante/ipsum/primis/in/faucibus/orci.png
Brazil,127.111.45.131,2018-09-22 11:18:16,/nec/nisi.aspx
Philippines,136.102.204.223,2018-07-04 06:58:22,/sapien/dignissim/vestibulum/vestibulum/ante.js
Mexico,249.77.108.123,2017-04-02 21:22:27,/sit/amet/justo/morbi/ut/odio.js
Thailand,230.201.228.112,2018-05-05 18:50:00,/viverra/eget/congue.jpg
Bangladesh,91.77.67.111,2017-01-13 20:42:12,/sed/nisl/nunc/rhoncus.json
China,30.224.101.8,2017-12-18 07:32:17,/dui/maecenas/tristique/est/et.png
Panama,43.65.209.147,2018-03-11 08:19:09,/metus.js
Brazil,244.246.126.136,2017-10-07 08:05:54,/justo.aspx
Russia,147.22.35.196,2018-04-11 17:55:59,/neque/duis/bibendum/morbi.png
Russia,145.222.5.65,2017-05-02 06:58:30,/dui/luctus.js
China,130.112.172.90,2018-05-08 14:04:51,/fringilla.js
Cape Verde,45.37.120.107,2017-11-01 17:06:00,/nulla/justo.html
Philippines,153.39.74.246,2017-10-07 02:26:52,/ac/neque/duis/bibendum.png
Republic of the Congo,134.45.119.201,2018-07-07 01:45:47,/nisi/at/nibh/in/hac/habitasse.js
Peru,80.146.185.3,2018-02-09 20:48:38,/rhoncus/dui/vel/sem/sed/sagittis.json
Indonesia,54.115.105.246,2018-02-06 20:56:57,/venenatis/tristique/fusce/congue.jpg
Thailand,180.167.193.182,2018-03-31 22:38:26,/id/turpis/integer/aliquet/massa.xml
China,158.113.151.100,2016-11-22 17:24:24,/interdum.xml
Brazil,147.251.231.83,2017-05-15 08:45:51,/facilisi/cras.png
China,116.248.145.6,2018-10-25 06:55:18,/pede.html
China,103.68.111.205,2018-06-12 04:31:11,/ut/mauris/eget.json
Ethiopia,196.68.162.171,2017-10-21 00:41:53,/sapien/varius/ut/blandit.json
Philippines,58.75.74.234,2017-09-01 11:41:23,/fringilla/rhoncus/mauris/enim.jpg
China,186.154.86.78,2017-02-24 09:05:23,/nunc/proin/at/turpis/a/pede.html
Czech Republic,107.250.50.210,2017-07-14 14:34:11,/a/ipsum/integer/a.jpg
Serbia,27.52.41.106,2018-06-04 00:36:31,/luctus/tincidunt/nulla.jpg
Russia,11.74.156.189,2017-08-01 20:09:39,/turpis/enim.js
Philippines,112.112.142.72,2017-07-09 11:15:54,/dolor/sit.json
Colombia,255.95.34.76,2018-04-17 14:03:55,/nulla/ultrices.html
Italy,251.245.250.172,2017-02-02 00:24:58,/posuere/cubilia.png
Indonesia,59.4.118.25,2017-07-14 10:24:22,/non/mauris/morbi.json
Kenya,29.202.128.94,2018-08-08 02:59:53,/non/pretium/quis.json
Brazil,54.125.126.252,2018-06-30 08:09:54,/convallis/nulla/neque/libero/convallis/eget.xml
Kenya,33.117.62.34,2017-06-23 06:16:24,/curae/duis/faucibus/accumsan/odio.jpg
Peru,99.233.144.175,2018-10-07 12:34:43,/aliquam/quis/turpis.jsp
China,101.194.116.236,2018-05-11 12:55:02,/et.xml
China,88.219.199.29,2017-04-29 09:06:09,/consequat.js
Poland,78.52.25.79,2017-05-14 18:31:05,/ante/ipsum/primis/in.xml
Russia,0.254.208.15,2017-05-14 15:24:42,/diam/erat/fermentum/justo/nec/condimentum/neque.html
Philippines,124.128.194.142,2017-12-19 02:00:38,/in/sapien/iaculis/congue/vivamus/metus/arcu.json
Poland,99.94.254.106,2018-02-04 22:26:04,/est/donec/odio/justo/sollicitudin.html
China,44.39.231.125,2016-12-25 20:28:54,/lobortis.html
Senegal,91.126.168.148,2018-06-25 10:43:40,/felis/fusce/posuere/felis.js
Philippines,105.83.175.118,2018-02-17 03:58:26,/pede/posuere/nonummy/integer/non/velit.aspx
Peru,128.126.34.193,2016-11-27 01:33:25,/magna/vestibulum/aliquet/ultrices/erat.xml
Brazil,230.83.123.134,2018-04-06 22:58:11,/ut/ultrices.html
China,156.52.182.61,2017-09-27 16:51:43,/elementum/ligula/vehicula/consequat/morbi/a/ipsum.aspx
Russia,163.13.253.8,2018-09-01 03:51:23,/suspendisse.png
China,69.59.30.132,2018-08-18 20:16:30,/velit/nec/nisi.jpg
Slovenia,121.173.62.212,2017-04-27 02:03:49,/aliquam.aspx
Portugal,239.253.145.105,2016-12-20 10:05:19,/sed/tincidunt/eu/felis/fusce.js
Russia,105.143.134.24,2017-04-20 14:11:28,/tellus/in/sagittis/dui.js
China,123.119.51.214,2016-12-30 00:06:55,/vulputate/nonummy.html
South Africa,23.105.76.21,2018-10-20 10:03:38,/in.jsp
China,2.81.143.122,2018-03-11 13:35:46,/at/turpis/donec/posuere/metus/vitae.json
China,135.19.16.96,2017-12-29 20:28:35,/turpis/integer/aliquet.jpg
Brazil,253.146.74.148,2018-08-13 03:45:48,/interdum/venenatis/turpis/enim/blandit/mi/in.png
Tajikistan,147.243.159.242,2017-05-04 15:35:46,/morbi/sem/mauris/laoreet/ut/rhoncus/aliquet.xml
Poland,16.192.2.179,2017-03-14 19:35:27,/primis/in/faucibus/orci/luctus/et.html
Poland,161.177.228.50,2017-07-06 07:42:54,/dui/luctus/rutrum.xml
China,226.197.91.213,2017-08-10 10:09:57,/dictumst/aliquam/augue/quam/sollicitudin.png
Poland,150.53.80.66,2018-10-21 23:35:21,/odio/elementum/eu.xml
South Africa,179.25.132.123,2018-09-25 00:34:11,/mauris/vulputate/elementum/nullam.html
Haiti,251.162.100.4,2017-08-18 04:17:08,/dapibus.png
Japan,50.157.104.129,2018-04-19 17:57:31,/ipsum.json
Russia,180.193.21.131,2017-07-07 18:03:59,/orci/eget/orci/vehicula.png
Venezuela,251.90.218.2,2016-11-21 08:12:06,/congue/vivamus/metus/arcu.xml
Indonesia,141.136.54.147,2018-03-05 17:26:50,/molestie/hendrerit/at/vulputate/vitae/nisl.json
Isle of Man,106.88.128.155,2017-04-12 20:54:33,/id/consequat/in/consequat.jpg
Estonia,160.132.118.235,2017-09-09 10:37:26,/sapien/iaculis.aspx
Brazil,96.130.210.48,2017-09-12 15:44:08,/luctus/rutrum/nulla/tellus/in/sagittis.html
China,35.253.127.99,2018-10-01 05:15:58,/lectus/pellentesque/eget.jsp
Indonesia,92.169.38.246,2017-05-08 17:35:07,/elit/sodales/scelerisque/mauris/sit.aspx
Russia,156.202.51.42,2018-02-05 13:31:00,/nullam/varius.html
Philippines,79.74.249.52,2016-10-30 08:58:06,/vulputate.html
Philippines,15.86.102.51,2018-01-02 12:54:23,/amet.jpg
Egypt,187.69.134.55,2016-11-08 16:40:31,/interdum/mauris/non/ligula.jpg
China,242.127.180.116,2017-08-25 09:31:30,/ornare/imperdiet/sapien/urna.json
Myanmar,161.159.94.102,2018-08-22 19:19:56,/sapien/placerat/ante/nulla/justo/aliquam.xml
French Polynesia,12.238.64.188,2018-01-17 06:44:02,/at/ipsum/ac/tellus/semper/interdum/mauris.html
Chad,64.35.196.177,2018-09-03 10:56:04,/varius/ut/blandit/non.jsp
Russia,75.238.232.35,2018-05-29 10:50:27,/erat/tortor.js
Russia,68.143.165.218,2018-04-16 20:27:46,/sed/vel/enim.png
Zambia,125.196.238.95,2018-09-21 05:04:29,/duis/at/velit/eu.aspx
Indonesia,7.108.55.244,2017-04-26 06:07:05,/lectus/pellentesque/eget/nunc/donec/quis.png
Uganda,161.233.12.13,2017-09-26 08:16:12,/ut/rhoncus.html
France,110.72.144.207,2018-09-15 11:37:22,/platea/dictumst/aliquam/augue.jpg
Indonesia,111.196.207.145,2017-05-12 17:22:58,/primis/in/faucibus/orci/luctus/et.html
Indonesia,81.204.181.99,2018-03-12 08:10:27,/amet/consectetuer/adipiscing/elit/proin.xml
Argentina,224.179.65.171,2017-08-09 04:08:06,/ultrices/posuere.jsp
Indonesia,213.120.63.58,2018-08-25 11:35:43,/velit/vivamus/vel/nulla/eget/eros.png
Bulgaria,224.169.239.26,2017-07-19 10:16:29,/eget/orci/vehicula/condimentum/curabitur/in.xml
Peru,236.255.87.30,2017-05-18 18:09:20,/orci/luctus/et/ultrices.aspx
Yemen,76.113.235.50,2017-08-10 10:58:59,/eu/nibh/quisque.jsp
Ukraine,138.93.7.135,2016-12-21 17:57:31,/quis/turpis/eget/elit.jsp
Russia,213.186.147.4,2018-06-16 12:40:00,/eu/est/congue.xml
Guatemala,87.31.186.31,2016-11-26 06:25:48,/pede/malesuada/in/imperdiet/et.html
Kenya,224.190.96.179,2016-12-23 05:59:51,/adipiscing/lorem/vitae/mattis/nibh.js
China,253.52.176.58,2016-11-06 06:23:08,/etiam/faucibus/cursus/urna/ut/tellus.png
Indonesia,156.109.58.111,2017-11-06 16:52:27,/libero/ut/massa/volutpat/convallis/morbi/odio.json
China,46.29.190.102,2016-12-18 23:44:30,/mi/sit/amet/lobortis/sapien/sapien.aspx
Panama,58.141.111.151,2017-04-26 06:32:01,/vel/enim/sit/amet/nunc.jsp
Brazil,220.37.27.20,2018-04-27 03:13:26,/libero/non/mattis/pulvinar.html
Indonesia,102.16.101.149,2018-05-19 13:45:23,/neque/libero/convallis/eget/eleifend/luctus.json
Indonesia,89.126.169.255,2017-11-01 20:10:15,/vel/est/donec/odio/justo/sollicitudin/ut.jpg
Russia,254.53.128.121,2017-10-07 12:42:23,/elit/proin/interdum/mauris/non/ligula/pellentesque.jsp
China,112.184.244.119,2018-02-08 12:40:52,/justo/sit/amet/sapien.js
Poland,250.54.7.123,2017-06-18 02:02:14,/aenean/fermentum/donec/ut.html
Indonesia,169.191.142.129,2017-10-25 14:10:08,/justo.jpg
China,203.19.178.114,2016-11-07 22:35:05,/luctus/et.js
Israel,17.154.18.106,2017-09-12 04:03:13,/diam/erat/fermentum/justo/nec/condimentum/neque.json
Russia,121.157.14.18,2017-09-04 05:24:12,/morbi.jpg
China,216.60.124.14,2017-08-22 04:35:43,/quis/turpis.json
Albania,183.247.29.62,2017-01-23 14:39:08,/odio/odio/elementum/eu.xml
France,63.238.150.199,2018-01-16 00:10:56,/nullam/orci/pede.xml
China,114.155.108.187,2017-02-21 04:35:35,/non/mi/integer/ac/neque/duis/bibendum.aspx
Indonesia,27.107.214.143,2017-02-17 00:51:16,/platea/dictumst/maecenas.png
Brazil,144.127.2.164,2017-07-16 04:27:48,/a/pede.jpg
Uruguay,112.52.122.194,2017-10-26 15:42:00,/eu.html
Indonesia,77.64.151.242,2018-10-27 06:32:38,/ipsum/primis/in/faucibus.html
Madagascar,182.126.146.239,2018-04-14 00:44:14,/etiam/faucibus/cursus/urna.json
Philippines,206.137.253.55,2018-06-15 10:21:00,/non/mauris/morbi.jpg
China,67.238.131.223,2017-10-29 17:54:09,/et/magnis/dis/parturient/montes/nascetur.png
Ukraine,79.211.205.44,2017-11-24 02:03:00,/in/felis/eu/sapien.png
China,101.172.244.1,2017-09-19 13:30:59,/vel/enim/sit.aspx
Malta,8.111.174.207,2017-03-15 09:47:01,/ultrices/enim/lorem/ipsum/dolor/sit/amet.json
China,154.37.250.132,2018-04-04 00:29:30,/arcu/sed.xml
France,89.188.0.113,2017-01-04 20:42:14,/orci/luctus/et/ultrices/posuere/cubilia/curae.js
Cuba,146.33.126.199,2017-01-02 03:20:42,/in.html
Indonesia,168.119.176.36,2018-08-01 23:47:26,/dui/proin/leo/odio/porttitor.jsp
Argentina,150.61.35.25,2018-06-14 15:50:36,/duis/bibendum/felis/sed.jsp
Vietnam,121.61.223.119,2017-11-01 23:16:09,/ultrices/posuere.xml
Angola,39.113.215.180,2017-04-02 15:04:42,/cum.jpg
China,103.254.208.149,2017-04-11 12:32:15,/eu.json
Indonesia,119.166.247.85,2018-01-11 15:28:41,/proin/eu.jpg
Honduras,42.102.207.166,2018-08-29 21:19:54,/congue/vivamus/metus/arcu/adipiscing.json
Dominican Republic,174.31.208.164,2017-08-17 16:12:41,/amet/lobortis/sapien/sapien/non/mi/integer.js
Honduras,239.248.121.247,2017-03-17 15:27:14,/in/sagittis/dui/vel.html
Argentina,164.139.77.200,2018-01-31 05:02:19,/vitae/nisi.xml
Poland,12.61.135.175,2018-01-24 04:59:30,/amet/justo/morbi/ut/odio/cras/mi.aspx
Portugal,248.187.21.29,2018-07-15 15:24:23,/potenti/nullam/porttitor/lacus.jsp
South Africa,125.62.205.46,2018-07-09 11:25:06,/erat/curabitur/gravida/nisi.html
Netherlands,38.77.190.253,2017-09-22 21:33:12,/pede/posuere.xml
Slovenia,202.46.73.36,2017-09-15 22:59:17,/suscipit.js
Russia,127.189.87.63,2017-07-29 12:28:12,/ultricies.aspx
Philippines,67.168.247.164,2017-01-31 16:39:05,/lacus/curabitur/at/ipsum/ac/tellus/semper.html
Colombia,104.176.176.62,2017-09-21 21:13:43,/maecenas.json
China,17.21.46.192,2018-05-13 04:41:04,/libero.png
China,158.206.181.196,2018-08-10 17:15:54,/nibh/ligula/nec.jpg
Russia,18.125.241.84,2018-10-23 04:39:03,/sit.xml
Belarus,226.224.200.203,2017-06-09 21:12:56,/consequat/in.jsp
